Rubric,Code,Family,Type,Dose
Adipine XL 30mg tablets (Chiesi Ltd),ADM/19382NEMIS,CCB,Nifedipine,30
Adipine Xl  M/R Tablets  60 mg,ADM/19383NEMIS,CCB,Nifedipine,60
Adalat La  M/R Tablets  30 mg,ADM/19822EMIS,CCB,Nifedipine,30
Adalat La  M/R Tablets  60 mg,ADM/19823EMIS,CCB,Nifedipine,60
Adizem-Sr  M/R Capsules  120 mg,ADM/22255EMIS,CCB,Diltiazem,120
Adizem-Sr  M/R Capsules  180 mg,ADM/22256EMIS,CCB,Diltiazem,180
Adizem-Sr  M/R Capsules  300 mg,ADM/22257EMIS,CCB,Diltiazem,300
Adizem-Sr  M/R capsules  90 mg,ADM/22258EMIS,CCB,Diltiazem,90
Adizem-Xl  M/R Capsules  120 mg,ADM/24027EMIS,CCB,Diltiazem,120
Adizem-Xl  M/R Capsules  180 mg,ADM/24028EMIS,CCB,Diltiazem,180
Adizem-Xl  M/R Capsules  240 mg,ADM/24029EMIS,CCB,Diltiazem,240
Adizem-Xl  M/R Capsules  300 mg,ADM/24030EMIS,CCB,Diltiazem,300
Adipine Mr 20  M/R Tablets  20 mg,ADM/27060EMIS,CCB,Nifedipine,20
Adipine Mr 10  M/R Tablets  10 mg,ADM/28056EMIS,CCB,Nifedipine,10
Adalat La  M/R Tablets  20 mg,ADM/4NEMIS,CCB,Nifedipine,20
Adalat Retard  Tablets  20 mg,ADTA48,CCB,Nifedipine,20
Adalat Retard 10  Tablets  10 mg,ADTA8424EGTON,CCB,Nifedipine,10
Adizem-SR 120mg tablets (Napp Pharmaceuticals Ltd),ADTA9102HILLI,CCB,Diltiazem,120
Adizem Continus Tablets 120 mg,ADTA9935BRIDL,CCB,Diltiazem,120
Amlodipine Besilate  Tablets  5 mg,AMTA10145BRIDL,CCB,Amlodipine,5
Amlodipine 5mg tablets,AMTA17004NEMIS,CCB,Amlodipine,5
Amlodipine 10mg tablets,AMTA17006NEMIS,CCB,Amlodipine,10
Amlodipine 5mg / Valsartan 80mg tablets,AMTA23851NEMIS,ARB,Valsartan,80
Amlodipine 5mg / Valsartan 80mg tablets,AMTA23851NEMIS,CCB,Amlodipine,5
Amlodipine And Valsartan  Tablets  5 mg + 160 mg,AMTA23852NEMIS,ARB,Valsartan,160
Amlodipine And Valsartan  Tablets  5 mg + 160 mg,AMTA23852NEMIS,CCB,Amlodipine,5
Amlodipine And Valsartan  Tablets  10 mg + 160 mg,AMTA23853NEMIS,ARB,Valsartan,160
Amlodipine And Valsartan  Tablets  10 mg + 160 mg,AMTA23853NEMIS,CCB,Amlodipine,10
Amlodipine Besilate  Tablets  10 mg,AMTA9080EMIS,CCB,Amlodipine,10
Atenolol  Tablets  25 mg,ATTA10910BRIDL,BB,Atenolol,25
Atenolol  Tablets  100 mg,ATTA230,BB,Atenolol,100
Atenolol  Tablets  50 mg,ATTA231,BB,Atenolol,50
BENDROFLUMETHIAZIDE oral susp 2.5mg/5ml,b21..,DIUR_THI,Bendroflumethiazide,2.5
BENDROFLUMETHIAZIDE tabs 2.5mg,b211.,DIUR_THI,Bendroflumethiazide,2.5
BENDROFLUAZIDE TABLETS 5 MG,b212.,DIUR_THI,Bendroflumethiazide,5
APRINOX 2.5mg tabs,b213.,DIUR_THI,Bendroflumethiazide,2.5
APRINOX tablets 5mg,b214.,DIUR_THI,Bendroflumethiazide,5
SALURIC TAB 500mg,b221.,DIUR_THI,Chlorothiazide,500
CHLOROTHIAZIDE oral susp 250mg/5ml,b22y.,DIUR_THI,Chlorothiazide,250
CHLOROTHIAZIDE TAB 500mg,b22z.,DIUR_THI,Chlorothiazide,500
HYGROTON tabs 50mg,b231.,DIUR_THI,Chlortalidone,50
HYGROTON TAB 100,b232.,DIUR_THI,Chlortalidone,100
CHLORTALIDONE tabs 50mg,b23y.,DIUR_THI,Chlorothiazide,50
NAVIDREX tablets 0.5mg,b251.,DIUR_THI,Cyclopenthiazide,0.5
CYCLOPENTHIAZIDE TABLETS 0.5 MG,b25z.,DIUR_THI,Cyclopenthiazide,0.5
ESIDREX 50mg tabs,b262.,DIUR_THI,Hydrochlorothiazide,50
HYDROSALURIC tablets 25mg,b263.,DIUR_THI,Hydrochlorothiazide,25
Hydrochlorothiazide Tablets 25mg,b26z.,DIUR_THI,Hydrochlorothiazide,25
NATRILIX TABLETS 2.5 MG,b281.,DIUR_THI,Indapamide,2.5
INDAPAMIDE mr tab 1.5mg,b285.,DIUR_THI,Indapamide,1.5
NATRILIX SR TAB 1.5mg,b286.,DIUR_THI,Indapamide,1.5
INDAPAMIDE TAB 2.5mg,b28z.,DIUR_THI,Indapamide,2.5
Metolazone 2.5mg tablets,b2b..,DIUR_THI,Metolazone,2.5
Metolazone 5mg,b2bz.,DIUR_THI,Metolazone,5
NEPHRIL TAB 1mg,b2c1.,DIUR_THI,Polythiazide,1
diurexan 20mg tablets,b2d1.,DIUR_THI,Xipamide,20
Xipamide  Tablets  20 mg,b2dz.,DIUR_THI,Xipamide,20
FRUSEMIDE tabs 20mg,b311.,DIUR_LOOP,Furosemide,20
Furosemide 40mg tablets,b312.,DIUR_LOOP,Furosemide,40
FUROSEMIDE tabs 500mg,b313.,DIUR_LOOP,Furosemide,500
FRUSOL sf oral soln 20mg/5ml,b31F.,DIUR_LOOP,Furosemide,20
FRUSID tabs 40mg,b31g.,DIUR_LOOP,Furosemide,40
Frusol 40mg/5ml oral solution (Rosemont Pharmaceuticals Ltd),b31G.,DIUR_LOOP,Furosemide,40
LASIX TAB 20,b31h.,DIUR_LOOP,Furosemide,20
FRUSOL sf oral soln 50mg/5ml,b31H.,DIUR_LOOP,Furosemide,50
LASIX tabs 40mg,b31i.,DIUR_LOOP,Furosemide,40
LASIX paed sf liq 1mg/ml,b31k.,DIUR_LOOP,Furosemide,1
LASIX inj 20mg/2ml,b31l.,DIUR_LOOP,Furosemide,20
FUROSEMIDE sf oral soln 20mg/5ml,b31r.,DIUR_LOOP,Furosemide,20
FUROSEMIDE sf oral soln 40mg/5ml,b31s.,DIUR_LOOP,Furosemide,40
FUROSEMIDE sf oral soln 50mg/5ml,b31t.,DIUR_LOOP,Furosemide,50
FRUSEMIDE paed liq 1mg/ml,b31x.,DIUR_LOOP,Furosemide,1
Furosemide 20mg/2ml solution for injection ampoules,b31y.,DIUR_LOOP,Furosemide,20
FUROSEMIDE inj 10mg/ml,b31z.,DIUR_LOOP,Furosemide,10
BURINEX TABLETS 1 MG,b321.,DIUR_LOOP,Bumetanide,1
BURINEX 5mg tabs,b322.,DIUR_LOOP,Bumetanide,5
BUMETANIDE TABLETS 1 MG,b32u.,DIUR_LOOP,Bumetanide,1
Bumetanide 5mg tablets,b32v.,DIUR_LOOP,Bumetanide,5
BUMETANIDE sf liq 1mg/5ml,b32w.,DIUR_LOOP,Bumetanide,1
BUMETANIDE inj 0.5mg/ml,b32z.,DIUR_LOOP,Bumetanide,0.5
ARELIX CAP 6mg,b341.,DIUR_LOOP,Piretanide,6
PIRETANIDE CAPS 6MG,b34z.,DIUR_LOOP,Piretanide,6
TOREM 2.5 TAB 2.5,b351.,DIUR_LOOP,Torasemide,2.5
TOREM 5 TAB 5,b352.,DIUR_LOOP,Torasemide,5
TOREM 10 TAB 10,b353.,DIUR_LOOP,Torasemide,10
Torasemide 2.5mg tablets,b356.,DIUR_LOOP,Torasemide,2.5
TORASEMIDE tabs 5mg,b357.,DIUR_LOOP,Torasemide,5
TORASEMIDE tabs 10mg,b358.,DIUR_LOOP,Torasemide,10
AMILORIDE HCl sf soln 5mg/5ml,b413.,DIUR_POT,Amiloride,5
Amiloride 5mg tablets,b41z.,DIUR_POT,Amiloride,5
Spironolactone Tablets 25 mg,b431.,DIUR_POT,Spironolactone,25
Spironolactone 50mg tablets,b432.,DIUR_POT,Spironolactone,50
Spironolactone 100mg tablets,b433.,DIUR_POT,Spironolactone,100
ALDACTONE FC tab 25mg,b434.,DIUR_POT,Spironolactone,25
aldactone 50mg tablets,b435.,DIUR_POT,Spironolactone,50
ALDACTONE 100mg,b436.,DIUR_POT,Spironolactone,100
SPIROSPARE tabs 100mg,b43j.,DIUR_POT,Spironolactone,100
SPIRONOLACTONE sf susp 5mg/5ml,b43k.,DIUR_POT,Spironolactone,5
SPIRONOLACTONE sf susp 10mg/5ml,b43l.,DIUR_POT,Spironolactone,10
SPIRONOLACTONE sf susp 25mg/5ml,b43m.,DIUR_POT,Spironolactone,25
SPIRONOLACTONE sf susp 50mg/5ml,b43n.,DIUR_POT,Spironolactone,50
SPIRONOLACTONE caps 100mg,b43z.,DIUR_POT,Spironolactone,100
*DYTAC CA *,b441.,DIUR_POT,Triamterene,
TRIAMTERENE 50mg caps,b44z.,DIUR_POT,Triamterene,50
INSPRA FC tab 25mg,b451.,DIUR_POT,Eplerenone,25
INSPRA FC tab 50mg,b452.,DIUR_POT,Eplerenone,50
Eplerenone 50mg tablets,b45y.,DIUR_POT,Eplerenone,50
Eplerenone 25mg tablets,b45z.,DIUR_POT,Eplerenone,25
ALDACTIDE FC tab 25mg + 25mg,b511.,DIUR_POT,Spironolactone,25
ALDACTIDE FC tab 25mg + 25mg,b511.,DIUR_THI,Hydroflumethiazide,25
ALDACTIDE FC tab 50mg + 50mg,b512.,DIUR_POT,Spironolactone,50
ALDACTIDE FC tab 50mg + 50mg,b512.,DIUR_THI,Hydroflumethiazide,50
AMIL-CO tabs 5mg + 50mg,b513.,DIUR_POT,Amiloride,5
AMIL-CO tabs 5mg + 50mg,b513.,DIUR_THI,Hydrochlorothiazide,50
DYAZIDE TAB,b514.,DIUR_POT,Triamterene,50
DYAZIDE TAB,b514.,DIUR_THI,Hydrochlorothiazide,25
FRUMIL tabs 40mg + 5mg,b516.,DIUR_POT,Amiloride,5
FRUMIL tabs 40mg + 5mg,b516.,DIUR_LOOP,Furosemide,40
Kalspare tablets (DHP Healthcare Ltd),b518.,DIUR_POT,Triamterene,50
Kalspare tablets (DHP Healthcare Ltd),b518.,DIUR_THI,Chlortalidone,50
Lasilactone 20mg/50mg capsules (Sanofi),b519.,DIUR_POT,Spironolactone,50
Lasilactone 20mg/50mg capsules (Sanofi),b519.,DIUR_LOOP,Furosemide,20
MODURET 25 tabs,b51a.,DIUR_POT,Amiloride,2.5
MODURET 25 tabs,b51a.,DIUR_THI,Hydrochlorothiazide,25
CO-TRIAMTERZID (triamtere & hydrochlorothiazid tab 50mg+25mg,b51A.,DIUR_POT,Triamterene,50
CO-TRIAMTERZID (triamtere & hydrochlorothiazid tab 50mg+25mg,b51A.,DIUR_THI,Hydrochlorothiazide,25
Moduretic 5mg/50mg tablets (Merck Sharp & Dohme Ltd),b51b.,DIUR_POT,Amiloride,5
Moduretic 5mg/50mg tablets (Merck Sharp & Dohme Ltd),b51b.,DIUR_THI,Hydrochlorothiazide,50
FRU-CO tabs 5mg + 40mg,b51B.,DIUR_POT,Amiloride,5
FRU-CO tabs 5mg + 40mg,b51B.,DIUR_LOOP,Furosemide,40
moduretic solution,b51c.,DIUR_POT,Amiloride,5
moduretic solution,b51c.,DIUR_THI,Hydrochlorothiazide,50
CYCLOPENTHIAZIDE + AMILORIDE tabs 250micrograms + 2.5mg,b51C.,DIUR_POT,Amiloride,2.5
CYCLOPENTHIAZIDE + AMILORIDE tabs 250micrograms + 2.5mg,b51C.,DIUR_THI,Cyclopenthiazide,0.25
AMILORIDE HCl + BUMETANIDE tabs 5mg + 1mg,b51D.,DIUR_POT,Amiloride,5
AMILORIDE HCl + BUMETANIDE tabs 5mg + 1mg,b51D.,DIUR_LOOP,Bumetanide,1
TRIAM-CO tabs 50mg+25mg,b51f.,DIUR_POT,Triamterene,50
TRIAM-CO tabs 50mg+25mg,b51f.,DIUR_THI,Hydrochlorothiazide,25
Triamterene 50mg / Chlortalidone 50mg tablets,b51G.,DIUR_POT,Triamterene,50
Triamterene 50mg / Chlortalidone 50mg tablets,b51G.,DIUR_THI,Chlortalidone,50
LASORIDE CALENDAR PACK TAB,b51h.,DIUR_POT,Amiloride,5
LASORIDE CALENDAR PACK TAB,b51h.,DIUR_LOOP,Furosemide,40
FRUSEMIDE + TRIAMTERENE tabs 40mg + 50mg,b51H.,DIUR_LOOP,Furosemide,40
FRUSEMIDE + TRIAMTERENE tabs 40mg + 50mg,b51H.,DIUR_POT,Triamterene,50
CO-AMILOZIDE tabs 2.5mg+25mg,b51j.,DIUR_POT,Amiloride,2.5
CO-AMILOZIDE tabs 2.5mg+25mg,b51j.,DIUR_THI,Hydrochlorothiazide,25
SPIRONOLACTONE + FUROSEMIDE caps 50mg + 20mg,b51J.,DIUR_POT,Spironolactone,50
SPIRONOLACTONE + FUROSEMIDE caps 50mg + 20mg,b51J.,DIUR_LOOP,Furosemide,20
CO-AMILOZIDE tabs 5mg+50mg,b51k.,DIUR_POT,Amiloride,5
CO-AMILOZIDE tabs 5mg+50mg,b51k.,DIUR_THI,Hydrochlorothiazide,50
AMILORIDE 5MG/HYDROC MIX,b51l.,DIUR_POT,Amiloride,5
AMILORIDE 5MG/HYDROC MIX,b51l.,DIUR_THI,Hydrochlorothiazide,50
FRUSENE TAB,b51n.,DIUR_POT,Triamterene,50
FRUSENE TAB,b51n.,DIUR_LOOP,Furosemide,40
FRUMIL LS tablets 20mg + 2.5mg,b51o.,DIUR_POT,Amiloride,2.5
FRUMIL LS tablets 20mg + 2.5mg,b51o.,DIUR_LOOP,Furosemide,20
CO-FLUMACTONE tabs 25mg+25mg,b51p.,DIUR_POT,Spironolactone,25
CO-FLUMACTONE tabs 25mg+25mg,b51p.,DIUR_THI,Hydroflumethiazide,25
CO-FLUMACTONE tabs 50mg+50mg,b51q.,DIUR_POT,Spironolactone,50
CO-FLUMACTONE tabs 50mg+50mg,b51q.,DIUR_THI,Hydroflumethiazide,50
NAVISPARE 2.5/0.25mg tablets,b51r.,DIUR_POT,Amiloride,2.5
NAVISPARE 2.5/0.25mg tablets,b51r.,DIUR_THI,Cyclopenthiazide,0.25
BURINEX A 1mg\5mg tab,b51t.,DIUR_POT,Amiloride,5
BURINEX A 1mg\5mg tab,b51t.,DIUR_LOOP,Bumetanide,1
CO-AMILOFRUSE (amiloride & furosemide) tabs 2.5mg+20mg,b51x.,DIUR_POT,Amiloride,2.5
CO-AMILOFRUSE (amiloride & furosemide) tabs 2.5mg+20mg,b51x.,DIUR_LOOP,Furosemide,20
CO-AMILOFRUSE (amiloride & furosemide) tabs 5mg+40mg,b51y.,DIUR_POT,Amiloride,5
CO-AMILOFRUSE (amiloride & furosemide) tabs 5mg+40mg,b51y.,DIUR_LOOP,Furosemide,40
CO-AMILOFRUSE tabs 10mg+80mg,b51z.,DIUR_POT,Amiloride,10
CO-AMILOFRUSE tabs 10mg+80mg,b51z.,DIUR_LOOP,Furosemide,80
TRIAPIN MITE mr tab 2.5mg + 2.5mg,bA11.,ACEI,Ramipril,2.5
TRIAPIN MITE mr tab 2.5mg + 2.5mg,bA11.,CCB,Felodipine,2.5
RAMIPRIL + FELODIPINE mr tab 2.5mg + 2.5mg,bA1y.,ACEI,Ramipril,2.5
RAMIPRIL + FELODIPINE mr tab 2.5mg + 2.5mg,bA1y.,CCB,Felodipine,2.5
FELODIPINE + RAMIPRIL mr tab 5mg + 5mg,bA1z.,ACEI,Ramipril,5
FELODIPINE + RAMIPRIL mr tab 5mg + 5mg,bA1z.,CCB,Felodipine,5
VERAPAMIL HCl tabs 40mg,bb31.,CCB,Verapamil,40
VERAPAMIL HCl tabs 80mg,bb32.,CCB,Verapamil,80
VERAPAMIL HCl tabs 120mg,bb33.,CCB,Verapamil,120
cordilox 40mg tablets,bb38.,CCB,Verapamil,40
CORDILOX TAB 120mg,bb3a.,CCB,Verapamil,120
VERAPAMIL HCl mr tab 240mg,bb3A.,CCB,Verapamil,240
CORDILOX 160 TAB 160mg,bb3b.,CCB,Verapamil,160
HALF SECURON SR tablets 120mg,bb3B.,CCB,Verapamil,120
VERAPAMIL HCl mr tab 120mg,bb3C.,CCB,Verapamil,120
SECURON TAB 40,bb3d.,CCB,Verapamil,40
VERAPAMIL HCl sf soln 40mg/5ml,bb3D.,CCB,Verapamil,40
SECURON TAB 80,bb3e.,CCB,Verapamil,80
SECURON TAB 120,bb3f.,CCB,Verapamil,120
HALF SECURON SR tabs 120mg,bb3F.,CCB,Verapamil,120
SECURON tabs 120mg,bb3g.,CCB,Verapamil,120
SECURON TAB 160,bb3i.,CCB,Verapamil,160
Securon SR 240mg tablets (Abbott Laboratories Ltd),bb3j.,CCB,Verapamil,240
SECURON SR tablets 240mg,bb3k.,CCB,Verapamil,240
VERAPRESS MR tabs 240mg,bb3K.,CCB,Verapamil,240
UNIVER sr cap 120mg,bb3l.,CCB,Verapamil,120
UNIVER sr cap 180mg,bb3m.,CCB,Verapamil,180
CORDILOX MR tabs 240mg,bb3M.,CCB,Verapamil,240
UNIVER sr cap 240mg,bb3n.,CCB,Verapamil,240
VERA-TIL SR tablets 240mg,bb3P.,CCB,Verapamil,240
VERA-TIL SR tablets 120mg,bb3Q.,CCB,Verapamil,120
VERTAB SR tablets 240mg,bb3s.,CCB,Verapamil,240
VERAPAMIL HCl mr cap 120mg,bb3v.,CCB,Verapamil,120
VERAPAMIL HCl tabs 160mg,bb3w.,CCB,Verapamil,160
VERAPAMIL HCl mr cap 240mg,bb3y.,CCB,Verapamil,240
VERAPAMIL HCl mr cap 180mg,bb3z.,CCB,Verapamil,180
PROPRANOLOL tabs 10mg,bd11.,BB,Propranolol,10
PROPRANOLOL tabs 40mg,bd12.,BB,Propranolol,40
PROPRANOLOL tabs 80mg,bd13.,BB,Propranolol,80
PROPRANOLOL tabs 160mg,bd14.,BB,Propranolol,160
BEDRANOL mr cap 160mg,bd1g.,BB,Propranolol,160
PROPRANOLOL oral soln 50mg/5ml,bd1J.,BB,Propranolol,50
HALF-BETADUR CR CAP 80,bd1K.,BB,Propranolol,80
HALF-INDERAL LA caps 80mg,bd1l.,BB,Propranolol,80
HALF BETA-PROGRANE sr cap 80mg,bd1L.,BB,Propranolol,80
INDERAL TAB 10,bd1m.,BB,Propranolol,10
INDERAL TAB 40,bd1n.,BB,Propranolol,40
INDERAL 80mg,bd1o.,BB,Propranolol,80
inderal 160mg tablets,bd1p.,BB,Propranolol,160
PROPRANOLOL oral soln 40mg/5ml,bd1Q.,BB,Propranolol,40
INDERAL LA CAPS 160MG,bd1r.,BB,Propranolol,160
PROPRANOLOL oral soln 5mg/5ml,bd1W.,BB,Propranolol,5
PROPRANOLOL mr cap 160mg,bd1x.,BB,Propranolol,160
PROPRANOLOL oral soln 10mg/5ml,bd1X.,BB,Propranolol,10
PROPRANOLOL mr cap 80mg,bd1y.,BB,Propranolol,80
Propranolol 50mg/5ml oral solution sugar free,bd1Y.,BB,Propranolol,50
Syprol 10mg/5ml oral solution (Rosemont Pharmaceuticals Ltd),bd1z.,BB,Propranolol,10
Syprol 5mg/5ml oral solution (Rosemont Pharmaceuticals Ltd),bd1Z.,BB,Propranolol,5
SECTRAL 100mg caps,bd21.,BB,Acebutolol,100
SECTRAL 200 CAP 200,bd22.,BB,Acebutolol,200
SECTRAL 400 TAB 400mg,bd23.,BB,Acebutolol,400
ACEBUTOLOL HCl caps 100mg,bd2w.,BB,Acebutolol,100
ACEBUTOLOL HCl caps 200mg,bd2x.,BB,Acebutolol,200
ACEBUTOLOL HCl tabs 400mg,bd2y.,BB,Acebutolol,400
TENORMIN tabs 100mg,bd31.,BB,Atenolol,100
TENORMIN sf syrp 25mg/5ml,bd32.,BB,Atenolol,25
TENORMIN LS tablets 50mg,bd34.,BB,Atenolol,50
Atenolol 50mg tablets,bd35.,BB,Atenolol,50
ATENOLOL tabs 100mg,bd36.,BB,Atenolol,100
Beta-Adalat modified-release capsules (Bayer Plc),bd38.,BB,Atenolol,50
Beta-Adalat modified-release capsules (Bayer Plc),bd38.,CCB,Nifedipine,20
TENORMIN 25 tabs,bd3c.,BB,Atenolol,25
ATENIX tabs 50mg,bd3f.,BB,Atenolol,50
ATENIX tabs 100mg,bd3g.,BB,Atenolol,100
Totamol Tablets 50mg,bd3h.,BB,Atenolol,50
ATENOLOL tabs 25mg,bd3j.,BB,Atenolol,25
TOTAMOL tabs 25mg,bd3k.,BB,Atenolol,25
ATENOLOL sugar free syrup 25mg/5ml,bd3x.,BB,Atenolol,25
ATENOLOL INJ 500mcg,bd3y.,BB,Atenolol,0.5
ATENIX tabs 25mg,bd3z.,BB,Atenolol,25
KERLONE TAB 20,bd41.,BB,Betaxolol,20
BETAXOLOL HYDROCHLOR TAB 20,bd4z.,BB,Betaxolol,20
LABETALOL HCl tabs 100mg,bd51.,BB,Labetalol,100
LABETALOL HCl tabs 200mg,bd52.,BB,Labetalol,200
LABETALOL HCl tabs 400mg,bd53.,BB,Labetalol,400
TRANDATE tabs 50mg,bd57.,BB,Labetalol,50
TRANDATE TAB 100mg,bd58.,BB,Labetalol,100
TRANDATE tabs 200mg,bd59.,BB,Labetalol,200
Trandate 400mg tablets (Focus Pharmaceuticals Ltd),bd5a.,BB,Labetalol,400
TRANDATE INJ 100mg,bd5b.,BB,Labetalol,100
LABETALOL HCl tabs 50mg,bd5v.,BB,Labetalol,50
BETALOC TAB 50,bd61.,BB,Metoprolol,50
BETALOC tabs 100mg,bd62.,BB,Metoprolol,100
BETALOC SA DURULE 200mg,bd64.,BB,Metoprolol,200
LOPRESOR TAB 100,bd66.,BB,Metoprolol,100
METOPROLOL TARTRATE tabs 100mg,bd6w.,BB,Metoprolol,100
METOPROLOL TARTRATE tabs 50mg,bd6x.,BB,Metoprolol,50
METOPROLOL TARTRATE mr tab 200mg,bd6z.,BB,Metoprolol,200
CORGARD TAB 40,bd71.,BB,Nadolol,40
CORGARD tabs 80mg,bd72.,BB,Nadolol,80
NADOLOL tabs 40mg,bd7y.,BB,Nadolol,40
NADOLOL tabs 80mg,bd7z.,BB,Nadolol,80
OXPRENOLOL tabs 20mg,bd81.,BB,Oxprenolol,20
OXPRENOLOL tabs 40mg,bd82.,BB,Oxprenolol,40
OXPRENOLOL tabs 80mg,bd83.,BB,Oxprenolol,80
OXPRENOLOL tabs 160mg,bd84.,BB,Oxprenolol,160
SLOW-TRASICOR TAB 160,bd8e.,BB,Oxprenolol,160
TRASICOR 20mg tabs,bd8f.,BB,Oxprenolol,20
TRASICOR TABLETS 40 MG,bd8g.,BB,Oxprenolol,40
trasicor 80mg tablets,bd8h.,BB,Oxprenolol,80
TRASICOR 160mg tabs,bd8i.,BB,Oxprenolol,160
OXPRENOLOL mr tab 160mg,bd8u.,BB,Oxprenolol,160
visken 5mg tablets,bda1.,BB,Pindolol,5
VISKEN 15mg tabs,bda2.,BB,Pindolol,15
PINDOLOL tabs 5mg,bday.,BB,Pindolol,15
PINDOLOL tabs 15mg,bdaz.,BB,Pindolol,15
BETA-CARDONE tabs 40mg,bdc1.,BB,Sotalol,40
BETA-CARDONE tabs 80mg,bdc2.,BB,Sotalol,80
SOTACOR TABS 80MG,bdc4.,BB,Sotalol,80
SOTACOR CALENDAR PAC TAB 160,bdc5.,BB,Sotalol,160
SOTALOL tabs 40mg,bdcu.,BB,Sotalol,40
SOTALOL tabs 80mg,bdcv.,BB,Sotalol,80
SOTALOL TABLETS 200 MG,bdcw.,BB,Sotalol,200
SOTALOL tabs 160mg,bdcx.,BB,Sotalol,160
BETIM tabs 10mg,bdd1.,BB,Timolol,10
BLOCADREN TAB 10,bdd2.,BB,Timolol,10
TIMOLOL MALEATE tabs 10mg,bddz.,BB,Timolol,10
KALTEN caps,bde7.,BB,Atenolol,50
KALTEN caps,bde7.,DIUR_THI,Hydrochlorothiazide,25
KALTEN caps,bde7.,DIUR_POT,Amiloride,2.5
MODUCREN TAB,bdea.,BB,Timolol,10
MODUCREN TAB,bdea.,DIUR_THI,Hydrochlorothiazide,25
MODUCREN TAB,bdea.,DIUR_POT,Amiloride,2.5
PRESTIM tabs,bdeb.,BB,Timolol,10
PRESTIM tabs,bdeb.,DIUR_THI,Bendroflumethiazide,2.5
SECADREX TABLETS,bded.,BB,Acebutolol,200
SECADREX TABLETS,bded.,DIUR_THI,Hydrochlorothiazide,12.5
TENORET-50,bdeg.,BB,Atenolol,50
TENORET-50,bdeg.,DIUR_THI,Chlortalidone,12.5
Tenoretic Tablets 100 mg + 25 mg,bdeh.,BB,Atenolol,100
Tenoretic Tablets 100 mg + 25 mg,bdeh.,DIUR_THI,Chlortalidone,25
TRASIDREX tabs 160mg + 0.25mg,bdej.,BB,Oxprenolol,160
TRASIDREX tabs 160mg + 0.25mg,bdej.,DIUR_THI,Cyclopenthiazide,0.25
VISKALDIX tabs 10mg + 5mg,bdek.,BB,Pindolol,10
VISKALDIX tabs 10mg + 5mg,bdek.,DIUR_THI,Clopamide,5
ATENOLOL 50MG/CHLORTHALIDONE 12.5MG TAB,bdem.,BB,Atenolol,50
ATENOLOL 50MG/CHLORTHALIDONE 12.5MG TAB,bdem.,DIUR_THI,Chlortalidone,12.5
ATENOLOL + CHLORTALIDONE tabs 100mg+25mg,bden.,BB,Atenolol,100
ATENOLOL + CHLORTALIDONE tabs 100mg+25mg,bden.,DIUR_THI,Chlortalidone,25
BETA-ADALAT caps 50mg + 20mg,bdes.,BB,Atenolol,50
BETA-ADALAT caps 50mg + 20mg,bdes.,CCB,Nifedipine,20
TENIF caps 50mg + 20mg,bdet.,BB,Atenolol,50
TENIF caps 50mg + 20mg,bdet.,CCB,Nifedipine,20
OXPRENOLOL 160MG/CYCLOPENTHIAZ.250MCG SR TAB,bdeu.,BB,Oxprenolol,160
OXPRENOLOL 160MG/CYCLOPENTHIAZ.250MCG SR TAB,bdeu.,DIUR_THI,Cyclopenthiazide,0.25
ATENOLOL+CO-AMILOZIDE 50mg/2.5mg/25mg capsules,bdey.,BB,Atenolol,50
ATENOLOL+CO-AMILOZIDE 50mg/2.5mg/25mg capsules,bdey.,DIUR_THI,Hydrochlorothiazide,25
ATENOLOL+CO-AMILOZIDE 50mg/2.5mg/25mg capsules,bdey.,DIUR_POT,Amiloride,2.5
ATENOLOL + NIFEDIPINE caps 50mg + 20mg,bdez.,BB,Atenolol,50
ATENOLOL + NIFEDIPINE caps 50mg + 20mg,bdez.,CCB,Nifedipine,20
BISOPROLOL oral susp 5mg/5ml,bdf..,BB,Bisoprolol,5
BISOPROLOL tabs 5mg,bdf1.,BB,Bisoprolol,5
BISOPROLOL tabs 10mg,bdf2.,BB,Bisoprolol,10
MONOCOR TAB 5,bdf3.,BB,Bisoprolol,5
MONOCOR TAB 10,bdf4.,BB,Bisoprolol,10
EMCOR LS tabs 5mg,bdf5.,BB,Bisoprolol,5
EMCOR TAB 10mg,bdf6.,BB,Bisoprolol,10
MONOZIDE 10 TAB 10mg,bdf7.,BB,Bisoprolol,10
MONOZIDE 10 TAB 10mg,bdf7.,DIUR_THI,Hydrochlorothiazide,10
BISOPROLOL & HYDROCHLOROTHIAZIDE tabs 10mg + 6.25mg,bdf8.,BB,Bisoprolol,10
BISOPROLOL & HYDROCHLOROTHIAZIDE tabs 10mg + 6.25mg,bdf8.,DIUR_THI,Hydrochlorothiazide,6.25
CARDICOR tabs 1.25mg,bdf9.,BB,Bisoprolol,1.25
CARDICOR tabs 2.5mg,bdfA.,BB,Bisoprolol,2.5
Cardicor 3.75mg tablets (Merck Serono Ltd),bdfB.,BB,Bisoprolol,3.75
CARDICOR tabs 5mg,bdfC.,BB,Bisoprolol,5
Cardicor 7.5mg tablets (Merck Serono Ltd),bdfD.,BB,Bisoprolol,7.5
CARDICOR tabs 10mg,bdfE.,BB,Bisoprolol,10
CONGESCOR tabs 1.25mg,bdfL.,BB,Bisoprolol,1.25
Congescor 2.5mg tablets (Tillomed Laboratories Ltd),bdfM.,BB,Bisoprolol,2.5
BISOPROLOL tabs 1.25mg,bdfw.,BB,Bisoprolol,1.25
BISOPROLOL tabs 2.5mg,bdfx.,BB,Bisoprolol,2.5
BISOPROLOL tabs 3.75mg,bdfy.,BB,Bisoprolol,3.75
BISOPROLOL tabs 7.5mg,bdfz.,BB,Bisoprolol,7.5
METOROS TAB 190,bdh3.,BB,Metoprolol,190
CELIPROLOL tabs 200mg,bdj1.,BB,Celiprolol,200
CELECTOL TAB 200,bdj3.,BB,Celiprolol,200
CELIPROLOL tabs 400mg,bdj4.,BB,Celiprolol,400
CELECTOL tabs 400mg,bdj5.,BB,Celiprolol,400
Carvedilol 5mg/5ml oral suspension,bdl..,BB,Carvedilol,5
EUCARDIC 12.5 MG TAB 12.5,bdl1.,BB,Carvedilol,12.5
EUCARDIC 25MG TAB 25,bdl2.,BB,Carvedilol,25
CARVEDILOL tabs 12.5mg,bdl3.,BB,Carvedilol,12.5
CARVEDILOL tabs 25mg,bdl4.,BB,Carvedilol,25
CARVEDILOL tabs 3.125mg,bdl5.,BB,Carvedilol,3.125
CARVEDILOL tabs 6.25mg,bdl6.,BB,Carvedilol,6.25
EUCARDIC tabs 3.125mg,bdl7.,BB,Carvedilol,3.125
EUCARDIC tabs 6.25mg,bdl8.,BB,Carvedilol,6.25
Nebivolol 10mg tablets,bdm..,BB,Nebivolol,10
NEBILET tabs 5mg,bdm1.,BB,Nebivolol,5
Nebivolol 2.5mg tablets,bdmy.,BB,Nebivolol,2.5
NEBIVOLOL tabs 5mg,bdmz.,BB,Nebivolol,5
SYPROL oral soln 50mg/5ml,bdn1.,BB,Propranolol,50
BEDRANOL mr cap 80mg,bdn2.,BB,Propranolol,80
Propranolol 40mg/5ml oral solution sugar free,bdn6.,BB,Propranolol,40
Bendroflumethiazide  Tablets  2.5 mg,BETA17553NEMIS,DIUR_THI,Bendroflumethiazide,2.5
DORALESE TILTAB tabs 20mg,bh13.,ALPHA,Indoramin,20
INDORAMIN tabs 20mg,bh14.,ALPHA,Indoramin,20
INDORAMIN tabs 25mg,bh1y.,ALPHA,Indoramin,25
INDORAMIN tabs 50mg,bh1z.,ALPHA,Indoramin,50
PHENOXYBENZAMINE oral susp 10mg/5ml,bh2..,ALPHA,Phenoxybenzamine,10
Phenoxybenzamine Hydrochloride  Capsules  10 mg,bh2y.,ALPHA,Phenoxybenzamine,10
ROGITINE INJ 10mg,bh31.,ALPHA,Phentolamin,10
PHENTOLAMINE MESYLAT INJ 10,bh3z.,ALPHA,Phentolamin,10
HYPOVASE TAB 500,bh41.,ALPHA,Prazosin,0.5
HYPOVASE TAB 1,bh42.,ALPHA,Prazosin,1
HYPOVASE TAB 2,bh43.,ALPHA,Prazosin,2
HYPOVASE TAB 5,bh44.,ALPHA,Prazosin,5
HYPOVASE BD starter pack,bh45.,ALPHA,Prazosin,
PRAZOSIN titration pack 8x500micrograms + 32x1mg,bh4v.,ALPHA,Prazosin,
PRAZOSIN tabs 500 micrograms,bh4w.,ALPHA,Prazosin,0.5
PRAZOSIN tabs 1mg,bh4x.,ALPHA,Prazosin,1
PRAZOSIN tabs 2mg,bh4y.,ALPHA,Prazosin,2
PRAZOSIN HYDROCHLORI TAB 5,bh4z.,ALPHA,Prazosin,5
HYTRIN tabs 2mg,bh51.,ALPHA,Terazosin,2
HYTRIN tabs 5mg,bh52.,ALPHA,Terazosin,5
HYTRIN TAB 10mg,bh53.,ALPHA,Terazosin,10
HYTRIN STARTER PACK,bh54.,ALPHA,Terazosin,
TERAZOSIN tabs 5mg,bh55.,ALPHA,Terazosin,5
TERAZOSIN tabs 10mg,bh56.,ALPHA,Terazosin,10
TERAZOSIN starter pack 7 x 1mg + 21 x 2mg,bh5y.,ALPHA,Terazosin,
TERAZOSIN tabs 2mg,bh5z.,ALPHA,Terazosin,2
DOXAZOSIN oral susp 4mg/5ml,bh6..,ALPHA,Doxazosin,4
DOXAZOSIN tabs 1mg,bh61.,ALPHA,Doxazosin,1
DOXAZOSIN tabs 2mg,bh62.,ALPHA,Doxazosin,2
DOXAZOSIN tabs 4mg,bh63.,ALPHA,Doxazosin,4
CARDURA tabs 1mg,bh64.,ALPHA,Doxazosin,1
CARDURA TABS 2MG,bh65.,ALPHA,Doxazosin,2
CARDURA tabs 4mg,bh66.,ALPHA,Doxazosin,4
CARDURA XL mr tab 4mg,bh67.,ALPHA,Doxazosin,4
CARDURA XL mr tab 8mg,bh68.,ALPHA,Doxazosin,8
DOXAZOSIN tabs 1mg,bh6B.,ALPHA,Doxazosin,1
DOXADURA tabs 2mg,bh6C.,ALPHA,Doxazosin,2
DOXADURA tabs 4mg,bh6D.,ALPHA,Doxazosin,4
SLOCINX XL tabs 4mg,bh6E.,ALPHA,Doxazosin,4
DOXADURA XL tabs 4mg,bh6F.,ALPHA,Doxazosin,4
DOXAZOSIN mr tab 8mg,bh6y.,ALPHA,Doxazosin,8
DOXAZOSIN mr tab 4mg,bh6z.,ALPHA,Doxazosin,4
CAPTOPRIL oral liq 5mg/5ml,bi1..,ACEI,Captopril,5
ACEPRIL TAB 12.5,bi11.,ACEI,Captopril,12.5
ACEPRIL 25mg tabs,bi13.,ACEI,Captopril,25
ACEPRIL TAB 50,bi15.,ACEI,Captopril,50
CAPOTEN TAB 12.5,bi16.,ACEI,Captopril,12.5
Capoten 25mg tablets (Bristol-Myers Squibb Pharmaceutical...,bi17.,ACEI,Captopril,25
CAPOTEN TAB 25,bi18.,ACEI,Captopril,25
CAPOTEN TAB 50,bi19.,ACEI,Captopril,50
CAPOTEN TAB 50mg,bi1a.,ACEI,Captopril,50
ACEZIDE TAB,bi1b.,ACEI,Captopril,25
ACEZIDE TAB,bi1b.,DIUR_THI,Hydrochlorothiazide,15
CAPOZIDE tabs 50mg + 25mg,bi1c.,ACEI,Captopril,50
CAPOZIDE tabs 50mg + 25mg,bi1c.,DIUR_THI,Hydrochlorothiazide,25
CAPOZIDE LS tablets 25mg + 12.5mg,bi1d.,ACEI,Captopril,25
CAPOZIDE LS tablets 25mg + 12.5mg,bi1d.,DIUR_THI,Hydrochlorothiazide,12.5
CAPTOPRIL + HYDROCHLOROTHIAZIDE tabs 50mg + 25mg,bi1f.,ACEI,Captopril,50
CAPTOPRIL + HYDROCHLOROTHIAZIDE tabs 50mg + 25mg,bi1f.,DIUR_THI,Hydrochlorothiazide,25
CAPTOPRIL + HYDROCHLOROTHIAZIDE tabs 25mg + 12.5mg,bi1F.,ACEI,Captopril,25
CAPTOPRIL + HYDROCHLOROTHIAZIDE tabs 25mg + 12.5mg,bi1F.,DIUR_THI,Hydrochlorothiazide,12.5
CAPTOPRIL + HYDROCHLOROTHIAZIDE tabs 50mg + 25mg,bi1G.,ACEI,Captopril,50
CAPTOPRIL + HYDROCHLOROTHIAZIDE tabs 50mg + 25mg,bi1G.,DIUR_THI,Hydrochlorothiazide,25
Noyada 25mg/5ml oral solution (Martindale Pharmaceuticals...,bi1J.,ACEI,Captopril,25
CAPOZIDE tabs 50mg + 25mg,bi1s.,ACEI,Captopril,50
CAPOZIDE tabs 50mg + 25mg,bi1s.,DIUR_THI,Hydrochlorothiazide,25
CAPTOPRIL tabs 12.5mg,bi1v.,ACEI,Captopril,12.5
CAPTOPRIL TAB 25,bi1w.,ACEI,Captopril,25
CAPTOPRIL tabs 25mg,bi1x.,ACEI,Captopril,25
CAPTOPRIL tabs 50mg,bi1z.,ACEI,Captopril,50
ENALAPRIL oral soln 5mg/5ml,bi2..,ACEI,Enalapril,5
INNOVACE TAB 2.5,bi21.,ACEI,Enalapril,2.5
INNOVACE TAB 5,bi22.,ACEI,Enalapril,5
INNOVACE tabs 5mg,bi23.,ACEI,Enalapril,5
INNOVACE TAB 10,bi24.,ACEI,Enalapril,10
INNOVACE tabs 10mg,bi25.,ACEI,Enalapril,10
INNOVACE TAB 20,bi26.,ACEI,Enalapril,20
INNOVACE tabs 20mg,bi27.,ACEI,Enalapril,20
INNOZIDE,bi28.,ACEI,Enalapril,20
INNOZIDE,bi28.,DIUR_THI,Hydrochlorothiazide,12.5
ENALAPRIL + HYDROCHLOROTHIAZIDE tabs 20mg + 12.5mg,bi2b.,ACEI,Enalapril,20
ENALAPRIL + HYDROCHLOROTHIAZIDE tabs 20mg + 12.5mg,bi2b.,DIUR_THI,Hydrochlorothiazide,12.5
ENALAPRIL WAFER 20MG,bi2D.,ACEI,Enalapril,20
ENALAPRIL tabs 2.5mg,bi2t.,ACEI,Enalapril,2.5
Enalapril 5mg tablets,bi2u.,ACEI,Enalapril,5
ENALAPRIL tabs 5mg,bi2v.,ACEI,Enalapril,5
ENALAPRIL tabs 10mg,bi2w.,ACEI,Enalapril,10
ENALAPRIL tabs 10mg,bi2x.,ACEI,Enalapril,10
Enalapril 20mg tablets,bi2y.,ACEI,Enalapril,20
ENALAPRIL tabs 20mg,bi2z.,ACEI,Enalapril,20
LISINOPRIL tabs 2.5mg,bi31.,ACEI,Lisinopril,2.5
LISINOPRIL tabs 5mg,bi32.,ACEI,Lisinopril,5
LISINOPRIL tabs 10mg,bi33.,ACEI,Lisinopril,10
LISINOPRIL tabs 20mg,bi34.,ACEI,Lisinopril,20
CARACE tabs 2.5mg,bi35.,ACEI,Lisinopril,2.5
CARACE tabs 5mg,bi37.,ACEI,Lisinopril,5
CARACE tabs 10mg,bi39.,ACEI,Lisinopril,10
CARACE tabs 20mg,bi3b.,ACEI,Lisinopril,20
ZESTRIL tabs 2.5mg,bi3d.,ACEI,Lisinopril,2.5
ZESTRIL tabs 5mg,bi3f.,ACEI,Lisinopril,5
ZESTRIL tabs 10mg,bi3h.,ACEI,Lisinopril,10
ZESTRIL tabs 20mg,bi3j.,ACEI,Lisinopril,20
CARACE 20 plus tab,bi3k.,ACEI,Lisinopril,20
CARACE 20 plus tab,bi3k.,DIUR_THI,Hydrochlorothiazide,12.5
CARACE 10 plus tab,bi3l.,ACEI,Lisinopril,10
CARACE 10 plus tab,bi3l.,DIUR_THI,Hydrochlorothiazide,12.5
ZESTORETIC 20-tab 20mg + 12.5mg,bi3n.,ACEI,Lisinopril,20
ZESTORETIC 20-tab 20mg + 12.5mg,bi3n.,DIUR_THI,Hydrochlorothiazide,12.5
LISINOPRIL + HYDROCHLOROTHIAZIDE tabs 20mg/12.5mg,bi3p.,ACEI,Lisinopril,20
LISINOPRIL + HYDROCHLOROTHIAZIDE tabs 20mg/12.5mg,bi3p.,DIUR_THI,Hydrochlorothiazide,12.5
ZESTORETIC 10-tab 10mg + 12.5mg,bi3s.,ACEI,Lisinopril,10
ZESTORETIC 10-tab 10mg + 12.5mg,bi3s.,DIUR_THI,Hydrochlorothiazide,12.5
LISINOPRIL + HYDROCHLOROTHIAZIDE tabs 10mg + 12.5mg,bi3t.,ACEI,Lisinopril,10
LISINOPRIL + HYDROCHLOROTHIAZIDE tabs 10mg + 12.5mg,bi3t.,DIUR_THI,Hydrochlorothiazide,12.5
QUINAPRIL tabs 5mg,bi41.,ACEI,Quinapril,5
QUINAPRIL tabs 10mg,bi42.,ACEI,Quinapril,10
QUINAPRIL tabs 20mg,bi43.,ACEI,Quinapril,20
ACCUPRO TAB 5,bi44.,ACEI,Quinapril,5
ACCUPRO 10mgX28 tabs,bi45.,ACEI,Quinapril,10
ACCUPRO TAB 20,bi46.,ACEI,Quinapril,20
ACCURETIC tabs 10mg + 12.5mg,bi47.,ACEI,Quinapril,10
ACCURETIC tabs 10mg + 12.5mg,bi47.,DIUR_THI,Hydrochlorothiazide,12.5
QUINAPRIL & HYDROCHLOROTHIAZIDE tabs 10mg + 12.5mg,bi48.,ACEI,Quinapril,10
QUINAPRIL & HYDROCHLOROTHIAZIDE tabs 10mg + 12.5mg,bi48.,DIUR_THI,Hydrochlorothiazide,12.5
ACCUPRO tabs 40mg,bi49.,ACEI,Quinapril,40
QUINAPRIL tabs 40mg,bi4A.,ACEI,Quinapril,40
QUINIL tabs 20mg,bi4D.,ACEI,Quinapril,20
PERINDOPRIL ERBUMINE oral susp 4mg/5ml,bi5..,ACEI,Perindopril,4
PERINDOPRIL ERBUMINE tabs 2mg,bi51.,ACEI,Perindopril,2
PERINDOPRIL ERBUMINE tabs 4mg,bi52.,ACEI,Perindopril,4
COVERSYL tabs 2mg,bi53.,ACEI,Perindopril,2
COVERSYL tabs 4mg,bi54.,ACEI,Perindopril,4
PERINDOPRIL + INDAPAMIDE tabs 4mg + 1.25mg,bi55.,ACEI,Perindopril,4
PERINDOPRIL + INDAPAMIDE tabs 4mg + 1.25mg,bi55.,DIUR_THI,Indapamide,1.25
COVERSYL PLUS tabs,bi56.,ACEI,Perindopril,5
COVERSYL PLUS tabs,bi56.,DIUR_THI,Indapamide,1.25
PERINDOPRIL ERBUMINE tabs 8mg,bi57.,ACEI,Perindopril,8
COVERSYL tabs 8mg,bi58.,ACEI,Perindopril,8
RAMIPRIL caps 1.25mg,bi61.,ACEI,Ramipril,1.25
RAMIPRIL caps 2.5mg,bi62.,ACEI,Ramipril,2.5
RAMIPRIL caps 5mg,bi63.,ACEI,Ramipril,5
TRITACE CAP 1.25,bi64.,ACEI,Ramipril,1.25
TRITACE CAP 2.5,bi65.,ACEI,Ramipril,2.5
TRITACE CAP 5,bi66.,ACEI,Ramipril,5
RAMIPRIL caps 10mg,bi67.,ACEI,Ramipril,10
Tritace Capsules 10mg,bi68.,ACEI,Ramipril,10
RAMIPRIL caps 2.5mg + 5mg + 10mg,bi69.,ACEI,Ramipril,
TRITACE TITRATION PACK caps 2.5mg + 5mg + 10mg,bi6A.,ACEI,Ramipril,
RAMIPRIL tabs 1.25mg,bi6B.,ACEI,Ramipril,1.25
RAMIPRIL tabs 2.5mg,bi6C.,ACEI,Ramipril,2.5
RAMIPRIL tabs 5mg,bi6D.,ACEI,Ramipril,5
RAMIPRIL tabs 10mg,bi6E.,ACEI,Ramipril,10
RAMIPRIL tabs 2.5mg + 5mg + 10mg,bi6F.,ACEI,Ramipril,
TRITACE TITRATION PACK tabs 2.5mg + 5mg + 10mg,bi6o.,ACEI,Ramipril,
LOPACE caps 2.5mg,bi6t.,ACEI,Ramipril,2.5
LOPACE caps 5mg,bi6u.,ACEI,Ramipril,5
LOPACE caps 10mg,bi6v.,ACEI,Ramipril,10
TRITACE tabs 10mg,bi6w.,ACEI,Ramipril,10
TRITACE tabs 5mg,bi6x.,ACEI,Ramipril,5
TRITACE tabs 2.5mg,bi6y.,ACEI,Ramipril,2.5
FOSINOPRIL tabs 10mg,bi71.,ACEI,Fosinopril,10
FOSINOPRIL tabs 20mg,bi72.,ACEI,Fosinopril,20
STARIL TAB 10,bi73.,ACEI,Fosinopril,10
STARIL TAB 20mg,bi74.,ACEI,Fosinopril,20
CILAZAPRIL,bi83.,ACEI,Cilazapril,
Cilazapril  Tablets  2.5 mg,bi84.,ACEI,Cilazapril,2.5
VASCACE TAB 0.5,bi86.,ACEI,Cilazapril,0.5
VASCACE TAB 1,bi87.,ACEI,Cilazapril,1
VASCACE TAB 2.5,bi88.,ACEI,Cilazapril,2.5
VASCACE tabs 5mg,bi89.,ACEI,Cilazapril,5
CILAZAPRIL tabs 5mg,bi8a.,ACEI,Cilazapril,5
TRANDOLAPRIL caps 500 micrograms,bi91.,ACEI,Trandolapril,0.5
TRANDOLAPRIL caps 1mg,bi92.,ACEI,Trandolapril,1
TRANDOLAPRIL caps 2mg,bi93.,ACEI,Trandolapril,2
GOPTEN CAP 0.5,bi94.,ACEI,Trandolapril,0.5
GOPTEN CAP 1,bi95.,ACEI,Trandolapril,1
GOPTEN caps 2mg,bi96.,ACEI,Trandolapril,2
TRANDOLAPRIL caps 4mg,bi9z.,ACEI,Trandolapril,4
TANATRIL tabs 5mg,biB1.,ACEI,Imidapril,5
TANATRIL tabs 10mg,biB2.,ACEI,Imidapril,10
TANATRIL tabs 20mg,biB3.,ACEI,Imidapril,20
IMIDAPRIL HCl tabs 20mg,biBx.,ACEI,Imidapril,20
IMIDAPRIL HCl tabs 5mg,biBy.,ACEI,Imidapril,5
IMIDAPRIL HCl tabs 10mg,biBz.,ACEI,Imidapril,10
COVERSYL ARGININE tabs 2.5mg,biC1.,ACEI,Perindopril,2.5
PERINDOPRIL ARGININE tabs 2.5mg,biC2.,ACEI,Perindopril,2.5
COVERSYL ARGININE tabs 5mg,biC3.,ACEI,Perindopril,5
Perindopril arginine 5mg tablets,biC4.,ACEI,Perindopril,5
Coversyl Arginine 10mg tablets (Servier Laboratories Ltd),biC5.,ACEI,Perindopril,10
PERINDOPRIL ARGININE tabs 10mg,biC6.,ACEI,Perindopril,10
COVERSYL ARGININE PLUS tabs 5mg + 1.25mg,biC7.,ACEI,Perindopril,5
COVERSYL ARGININE PLUS tabs 5mg + 1.25mg,biC7.,DIUR_THI,Indapamide,1.25
PERINDOPRIL ARGININE + INDAPAMIDE tabs 5mg + 1.25mg,biC8.,ACEI,Perindopril,5
PERINDOPRIL ARGININE + INDAPAMIDE tabs 5mg + 1.25mg,biC8.,DIUR_THI,Indapamide,1.25
Bisoprolol Fumarate  Tablets  5 mg,BITA10630BRIDL,BB,Bisoprolol,5
Bisoprolol 1.25mg tablets,BITA2332NEMIS,BB,Bisoprolol,1.25
Bisoprolol 2.5mg tablets,BITA2333NEMIS,BB,Bisoprolol,2.5
Bisoprolol Fumarate  Tablets  3.75 mg,BITA2334NEMIS,BB,Bisoprolol,3.75
Bisoprolol Fumarate  Tablets  7.5 mg,BITA2335NEMIS,BB,Bisoprolol,7.5
Losartan 50mg/5ml oral suspension,bk3..,ARB,Losartan,50
LOSARTAN tabs 25mg,bk31.,ARB,Losartan,25
LOSARTAN tabs 50mg,bk32.,ARB,Losartan,50
COZAAR tabs 25mg,bk33.,ARB,Losartan,25
COZAAR TAB 50,bk34.,ARB,Losartan,50
LOSARTAN + HYDROCHLOROTHIAZIDE tabs 50mg + 12.5mg,bk35.,ARB,Losartan,50
LOSARTAN + HYDROCHLOROTHIAZIDE tabs 50mg + 12.5mg,bk35.,DIUR_THI,Hydrochlorothiazide,12.5
Cozaar-Comp Tablets 50mg + 12.5mg,bk36.,ARB,Losartan,50
Cozaar-Comp Tablets 50mg + 12.5mg,bk36.,DIUR_THI,Hydrochlorothiazide,12.5
LOSARTAN tabs 100mg,bk37.,ARB,Losartan,100
COZAAR tabs 100mg,bk38.,ARB,Losartan,100
COZAAR-COMP tabs 100mg + 25mg,bk39.,ARB,Losartan,100
COZAAR-COMP tabs 100mg + 25mg,bk39.,DIUR_THI,Hydrochlorothiazide,25
COZAAR-COMP tabs 100mg + 12.5mg,bk3A.,ARB,Losartan,100
COZAAR-COMP tabs 100mg + 12.5mg,bk3A.,DIUR_THI,Hydrochlorothiazide,12.5
COZAAR tabs 12.5mg,bk3B.,ARB,Losartan,12.5
Losartan 12.5mg tablets,bk3C.,ARB,Losartan,12.5
Losartan 2.5mg/ml oral suspension sugar free,bk3E.,ARB,Losartan,2.5
LOSARTAN + HYDROCHLOROTHIAZIDE tabs 100mg + 12.5mg,bk3y.,ARB,Losartan,100
LOSARTAN + HYDROCHLOROTHIAZIDE tabs 100mg + 12.5mg,bk3y.,DIUR_THI,Hydrochlorothiazide,12.5
LOSARTAN + HYDROCHLOROTHIAZIDE tabs 100mg + 25mg,bk3z.,ARB,Losartan,100
LOSARTAN + HYDROCHLOROTHIAZIDE tabs 100mg + 25mg,bk3z.,DIUR_THI,Hydrochlorothiazide,25
Valsartan 80mg tablets,bk4..,ARB,Valsartan,80
VALSARTAN caps 40mg,bk41.,ARB,Valsartan,40
VALSARTAN caps 80mg,bk42.,ARB,Valsartan,80
VALSARTAN caps 160mg,bk43.,ARB,Valsartan,160
DIOVAN caps 40mg,bk44.,ARB,Valsartan,40
DIOVAN caps 80mg,bk45.,ARB,Valsartan,80
DIOVAN caps 160mg,bk46.,ARB,Valsartan,160
CO-DIOVAN tabs 160mg + 12.5mg,bk47.,ARB,Valsartan,160
CO-DIOVAN tabs 160mg + 12.5mg,bk47.,DIUR_THI,Hydrochlorothiazide,12.5
CO-DIOVAN tabs 160mg + 25mg,bk48.,ARB,Valsartan,160
CO-DIOVAN tabs 160mg + 25mg,bk48.,DIUR_THI,Hydrochlorothiazide,25
CO-DIOVAN tabs 80mg + 12.5mg,bk49.,ARB,Valsartan,80
CO-DIOVAN tabs 80mg + 12.5mg,bk49.,DIUR_THI,Hydrochlorothiazide,12.5
Valsartan 320mg tablets,bk4v.,ARB,Valsartan,320
VALSARTAN tabs 40mg,bk4w.,ARB,Valsartan,40
VALSARTAN + HYDROCHLOROTHIAZIDE tabs 80mg + 12.5mg,bk4x.,ARB,Valsartan,80
VALSARTAN + HYDROCHLOROTHIAZIDE tabs 80mg + 12.5mg,bk4x.,DIUR_THI,Hydrochlorothiazide,12.5
VALSARTAN + HYDROCHLOROTHIAZIDE tabs 160mg + 25mg,bk4y.,ARB,Valsartan,160
VALSARTAN + HYDROCHLOROTHIAZIDE tabs 160mg + 25mg,bk4y.,DIUR_THI,Hydrochlorothiazide,25
VALSARTAN + HYDROCHLOROTHIAZIDE tabs 160mg + 12.5mg,bk4z.,ARB,Valsartan,160
VALSARTAN + HYDROCHLOROTHIAZIDE tabs 160mg + 12.5mg,bk4z.,DIUR_THI,Hydrochlorothiazide,12.5
IRBESARTAN tabs 75mg,bk51.,ARB,Irbesartan,75
IRBESARTAN tabs 150mg,bk52.,ARB,Irbesartan,150
IRBESARTAN tabs 300mg,bk53.,ARB,Irbesartan,300
APROVEL tabs 75mg,bk54.,ARB,Irbesartan,75
APROVEL tabs 150mg,bk55.,ARB,Irbesartan,150
APROVEL tabs 300mg,bk56.,ARB,Irbesartan,300
Coaprovel Tablets 150mg + 12.5mg,bk57.,ARB,Irbesartan,150
Coaprovel Tablets 150mg + 12.5mg,bk57.,DIUR_THI,Hydrochlorothiazide,12.5
Coaprovel Tablets 300 mg + 12.5 mg,bk58.,ARB,Irbesartan,300
Coaprovel Tablets 300 mg + 12.5 mg,bk58.,DIUR_THI,Hydrochlorothiazide,12.5
COAPROVEL tabs 300mg + 25mg,bk59.,ARB,Irbesartan,300
COAPROVEL tabs 300mg + 25mg,bk59.,DIUR_THI,Hydrochlorothiazide,25
IRBESARTAN + HYDROCHLOROTHIAZIDE tabs 300mg + 25mg,bk5x.,ARB,Irbesartan,300
IRBESARTAN + HYDROCHLOROTHIAZIDE tabs 300mg + 25mg,bk5x.,DIUR_THI,Hydrochlorothiazide,25
IRBESARTAN + HYDROCHLOROTHIAZIDE tabs 300mg + 12.5mg,bk5y.,ARB,Irbesartan,300
IRBESARTAN + HYDROCHLOROTHIAZIDE tabs 300mg + 12.5mg,bk5y.,DIUR_THI,Hydrochlorothiazide,12.5
IRBESARTAN + HYDROCHLOROTHIAZIDE tabs 150mg + 12.5mg,bk5z.,ARB,Irbesartan,150
IRBESARTAN + HYDROCHLOROTHIAZIDE tabs 150mg + 12.5mg,bk5z.,DIUR_THI,Hydrochlorothiazide,12.5
VERAPAMIL HCl + TRANDOLAPRIL mr cap 180mg + 2mg,bk61.,ACEI,Trandolapril,2
VERAPAMIL HCl + TRANDOLAPRIL mr cap 180mg + 2mg,bk61.,CCB,Verapamil,180
TARKA caps 180mg + 2mg,bk62.,ACEI,Trandolapril,2
TARKA caps 180mg + 2mg,bk62.,CCB,Verapamil,180
Candesartan 8mg/5ml oral solution,bk7..,ARB,Candesartan,8
CANDESARTAN tabs 2mg,bk71.,ARB,Candesartan,2
CANDESARTAN tabs 4mg,bk72.,ARB,Candesartan,4
CANDESARTAN tabs 8mg,bk73.,ARB,Candesartan,8
CANDESARTAN tabs 16mg,bk74.,ARB,Candesartan,16
Amias 2mg tablets (Takeda UK Ltd),bk75.,ARB,Candesartan,2
AMIAS tabs 4mg,bk76.,ARB,Candesartan,4
AMIAS tabs 8mg,bk77.,ARB,Candesartan,8
AMIAS tabs 16mg,bk78.,ARB,Candesartan,16
Amias 32mg tablets (Takeda UK Ltd),bk79.,ARB,Candesartan,32
CANDESARTAN tabs 32mg,bk7z.,ARB,Candesartan,32
TELMISARTAN tabs 40mg,bk81.,ARB,Telmisartan,40
TELMISARTAN tabs 80mg,bk82.,ARB,Telmisartan,80
MICARDIS tabs 40mg,bk83.,ARB,Telmisartan,40
MICARDIS tabs 80mg,bk84.,ARB,Telmisartan,80
MICARDIS tabs 20mg,bk85.,ARB,Telmisartan,20
MICARDIS PLUS tabs 40mg + 12.5mg,bk86.,ARB,Telmisartan,40
MICARDIS PLUS tabs 40mg + 12.5mg,bk86.,DIUR_THI,Hydrochlorothiazide,12.5
MICARDIS PLUS tabs 80mg + 12.5mg,bk87.,ARB,Telmisartan,80
MICARDIS PLUS tabs 80mg + 12.5mg,bk87.,DIUR_THI,Hydrochlorothiazide,12.5
TELMISARTAN + HYDROCHLOROTHIAZIDE tabs 80mg + 25mg,bk8w.,ARB,Telmisartan,80
TELMISARTAN + HYDROCHLOROTHIAZIDE tabs 80mg + 25mg,bk8w.,DIUR_THI,Hydrochlorothiazide,25
TELMISARTAN + HYDROCHLOROTHIAZIDE tabs 40mg + 12.5mg,bk8x.,ARB,Telmisartan,40
TELMISARTAN + HYDROCHLOROTHIAZIDE tabs 40mg + 12.5mg,bk8x.,DIUR_THI,Hydrochlorothiazide,12.5
TELMISARTAN + HYDROCHLOROTHIAZIDE tabs 80mg + 12.5mg,bk8y.,ARB,Telmisartan,80
TELMISARTAN + HYDROCHLOROTHIAZIDE tabs 80mg + 12.5mg,bk8y.,DIUR_THI,Hydrochlorothiazide,12.5
TELMISARTAN tabs 20mg,bk8z.,ARB,Telmisartan,20
TEVETEN tabs 300mg,bk91.,ARB,Eprosartan,300
TEVETEN tabs 400mg,bk92.,ARB,Eprosartan,400
TEVETEN tabs 600mg,bk93.,ARB,Eprosartan,600
EPROSARTAN tabs 300mg,bk9x.,ARB,Eprosartan,300
EPROSARTAN tabs 400mg,bk9y.,ARB,Eprosartan,400
EPROSARTAN tabs 600mg,bk9z.,ARB,Eprosartan,600
OLMESARTAN MEDOXOMIL tabs 10mg,bkB1.,ARB,Olmesartan,10
OLMESARTAN MEDOXOMIL tabs 20mg,bkB2.,ARB,Olmesartan,20
OLMESARTAN MEDOXOMIL tabs 40mg,bkB3.,ARB,Olmesartan,40
OLMETEC tabs 10mg,bkB4.,ARB,Olmesartan,10
OLMETEC tabs 20mg,bkB5.,ARB,Olmesartan,20
Olmetec 40mg tablets (Daiichi Sankyo UK Ltd),bkB6.,ARB,Olmesartan,40
OLMETEC PLUS tabs 20mg + 12.5mg,bkC1.,ARB,Olmesartan,20
OLMETEC PLUS tabs 20mg + 12.5mg,bkC1.,DIUR_THI,Hydrochlorothiazide,12.5
OLMETEC PLUS tabs 20mg + 25mg,bkC2.,ARB,Olmesartan,20
OLMETEC PLUS tabs 20mg + 25mg,bkC2.,DIUR_THI,Hydrochlorothiazide,25
OLMESARTAN MEDOXOMIL + HYDROCHLOROTHIAZIDE tabs 20mg + 25mg,bkCy.,ARB,Olmesartan,20
OLMESARTAN MEDOXOMIL + HYDROCHLOROTHIAZIDE tabs 20mg + 25mg,bkCy.,DIUR_THI,Hydrochlorothiazide,25
OLMESARTAN MEDOXOMIL + HYDROCHLOROTHIAZIDE tabs 20mg+12.5mg,bkCz.,ARB,Olmesartan,20
OLMESARTAN MEDOXOMIL + HYDROCHLOROTHIAZIDE tabs 20mg+12.5mg,bkCz.,DIUR_THI,Hydrochlorothiazide,12.5
AMLODIPINE + VALSARTAN tabs 5mg + 80mg,bkD1.,CCB,Amlodipine,5
AMLODIPINE + VALSARTAN tabs 5mg + 80mg,bkD1.,ARB,Valsartan,80
AMLODIPINE + VALSARTAN tabs 5mg + 160mg,bkD2.,CCB,Amlodipine,5
AMLODIPINE + VALSARTAN tabs 5mg + 160mg,bkD2.,ARB,Valsartan,160
AMLODIPINE + VALSARTAN tabs 10mg + 160mg,bkD3.,CCB,Amlodipine,10
AMLODIPINE + VALSARTAN tabs 10mg + 160mg,bkD3.,ARB,Valsartan,160
EXFORGE tabs 10mg + 160mg,bkDx.,CCB,Amlodipine,10
EXFORGE tabs 10mg + 160mg,bkDx.,ARB,Valsartan,160
EXFORGE tabs 5mg + 160mg,bkDy.,CCB,Amlodipine,5
EXFORGE tabs 5mg + 160mg,bkDy.,ARB,Valsartan,160
EXFORGE tabs 5mg + 80mg,bkDz.,CCB,Amlodipine,5
EXFORGE tabs 5mg + 80mg,bkDz.,ARB,Valsartan,80
Sevikar 20mg/5mg tablets (Daiichi Sankyo UK Ltd),bkH1.,ARB,Olmesartan,20
Sevikar 20mg/5mg tablets (Daiichi Sankyo UK Ltd),bkH1.,CCB,Amlodipine,5
OLMESARTAN MEDOXOMIL + AMLODIPINE tabs 40mg + 10mg,bkHx.,ARB,Olmesartan,40
OLMESARTAN MEDOXOMIL + AMLODIPINE tabs 40mg + 10mg,bkHx.,CCB,Amlodipine,10
OLMESARTAN MEDOXOMIL + AMLODIPINE tabs 40mg + 5mg,bkHy.,ARB,Olmesartan,40
OLMESARTAN MEDOXOMIL + AMLODIPINE tabs 40mg + 5mg,bkHy.,CCB,Amlodipine,5
Olmesartan medoxomil 20mg / Amlodipine 5mg tablets,bkHz.,ARB,Olmesartan,20
Olmesartan medoxomil 20mg / Amlodipine 5mg tablets,bkHz.,CCB,Amlodipine,5
TILDIEM mr tab 60mg,bl51.,CCB,Diltiazem,60
BRITIAZIM TAB 60,bl53.,CCB,Diltiazem,60
ADIZEM SR tablets 120mg,bl54.,CCB,Diltiazem,120
DILTIAZEM mr tab 120mg,bl55.,CCB,Diltiazem,120
TILDIEM RETARD TABS 90mg,bl58.,CCB,Diltiazem,90
TILDIEM RETARD tabs 120mg,bl59.,CCB,Diltiazem,120
DILTIAZEM MR TAB 90MG,bl5a.,CCB,Diltiazem,90
TILDIEM LA caps 300mg,bl5A.,CCB,Diltiazem,300
DILTIAZEM 24hr mr caps 300mg,bl5b.,CCB,Diltiazem,300
ADIZEM SR caps 90mg,bl5B.,CCB,Diltiazem,90
DILTIAZEM mr cap 90mg,bl5c.,CCB,Diltiazem,90
ADIZEM SR caps 120mg,bl5C.,CCB,Diltiazem,120
DILTIAZEM mr cap 120mg,bl5d.,CCB,Diltiazem,120
ADIZEM SR cap 180mg,bl5D.,CCB,Diltiazem,180
DILTIAZEM mr cap 180mg,bl5e.,CCB,Diltiazem,180
ADIZEM XL caps 300mg,bl5E.,CCB,Diltiazem,300
DILTIAZEM 12hr mr caps 60mg,bl5f.,CCB,Diltiazem,60
DILZEM SR caps 60mg,bl5F.,CCB,Diltiazem,60
DILTIAZEM 24hr mr caps 240mg,bl5g.,CCB,Diltiazem,240
Dilzem SR 90 capsules (Teva UK Ltd),bl5G.,CCB,Diltiazem,90
DILTIAZEM 24hr mr caps 200mg,bl5h.,CCB,Diltiazem,200
Dilzem SR 120 capsules (Teva UK Ltd),bl5H.,CCB,Diltiazem,120
ADIZEM XL caps 240mg,bl5I.,CCB,Diltiazem,240
ADIZEM-XL PLUS CAP,bl5j.,CCB,Diltiazem,
ADIZEM XL caps 180mg,bl5J.,CCB,Diltiazem,180
ADIZEM XL caps 120mg,bl5K.,CCB,Diltiazem,120
Dilcardia SR 60mg capsules (Generics (UK) Ltd),bl5l.,CCB,Diltiazem,60
DILZEM XL caps 120mg,bl5L.,CCB,Diltiazem,120
DILZEM XL caps 180mg,bl5M.,CCB,Diltiazem,180
ZEMTARD XL caps 300mg,bl5n.,CCB,Diltiazem,300
DILZEM XL MR caps 240mg,bl5N.,CCB,Diltiazem,240
VIAZEM XL caps 120mg,bl5o.,CCB,Diltiazem,120
SLOZEM caps 120mg,bl5O.,CCB,Diltiazem,120
VIAZEM XL caps 180mg,bl5p.,CCB,Diltiazem,180
SLOZEM caps 180mg,bl5P.,CCB,Diltiazem,180
VIAZEM XL caps 240mg,bl5q.,CCB,Diltiazem,240
SLOZEM caps 240mg,bl5Q.,CCB,Diltiazem,240
VIAZEM XL caps 300mg,bl5r.,CCB,Diltiazem,300
ANGITIL sr cap 90mg,bl5R.,CCB,Diltiazem,90
DILTIAZEM 24hr mr caps 360mg,bl5s.,CCB,Diltiazem,360
ANGITIL sr cap 120mg,bl5S.,CCB,Diltiazem,120
VIAZEM XL caps 360mg,bl5t.,CCB,Diltiazem,360
Angitil SR 180 capsules (Chiesi Ltd),bl5U.,CCB,Diltiazem,180
Dilcardia SR 90mg capsules (Generics (UK) Ltd),bl5v.,CCB,Diltiazem,90
CALCICARD CR cr tab 90mg,bl5V.,CCB,Diltiazem,90
CALCICARD CR cr tab 120mg,bl5W.,CCB,Diltiazem,120
ANGITIL XL caps 240mg,bl5x.,CCB,Diltiazem,240
ANGITIL XL extra mr caps 300mg,bl5y.,CCB,Diltiazem,300
DILTIAZEM tabs 60mg,bl5z.,CCB,Diltiazem,60
TILDIEM LA caps 200mg,bl5Z.,CCB,Diltiazem,200
CARDENE CAP 20,bl71.,CCB,Nicardipine,20
CARDENE CAP 30,bl72.,CCB,Nicardipine,30
CARDENE SR caps 30mg,bl73.,CCB,Nicardipine,30
CARDENE SR caps 45mg,bl74.,CCB,Nicardipine,45
Nicardipine 45mg modified-release capsules,bl7w.,CCB,Nicardipine,45
NICARDIPINE HCl mr cap 30mg,bl7x.,CCB,Nicardipine,30
NICARDIPINE HCl caps 20mg,bl7y.,CCB,Nicardipine,20
NICARDIPINE HCl caps 30mg,bl7z.,CCB,Nicardipine,30
Nifedipine 20mg/ml oral drops,bl8..,CCB,Nifedipine,20
ADALAT caps 5mg,bl81.,CCB,Nifedipine,5
ADALAT CAP 10,bl82.,CCB,Nifedipine,10
ADALAT RETARD tabs 20mg,bl83.,CCB,Nifedipine,20
ADALAT RETARD tabs 10mg,bl84.,CCB,Nifedipine,10
NIFEDIPINE caps 5mg,bl85.,CCB,Nifedipine,50
NIFEDIPINE caps 10mg,bl86.,CCB,Nifedipine,10
ADIPINE MR 20 mr tab 20mg,bl8A.,CCB,Nifedipine,20
ADIPINE MR 10 mr tab 10mg,bl8B.,CCB,Nifedipine,10
Unipine Xl M/R Tablets 30mg,bl8C.,CCB,Nifedipine,30
CORACTEN SR mr cap 20mg,bl8e.,CCB,Nifedipine,20
NIFEDIPINE 24 hr mr tabs 40mg,bl8F.,CCB,Nifedipine,40
NIFENSAR XL TAB 20,bl8h.,CCB,Nifedipine,20
ADALAT LA tabs 30mg,bl8i.,CCB,Nifedipine,30
ADALAT LA tabs 60mg,bl8j.,CCB,Nifedipine,60
TENSIPINE MR tabs 10mg,bl8J.,CCB,Nifedipine,10
CORACTEN SR mr cap 10mg,bl8k.,CCB,Nifedipine,10
TENSIPINE MR tabs 20mg,bl8K.,CCB,Nifedipine,20
Cardilate Mr M/R Tablets 20mg,bl8l.,CCB,Nifedipine,20
FORTIPINE LA40 tabs 40mg,bl8L.,CCB,Nifedipine,40
ADALAT LA tabs 20mg,bl8M.,CCB,Nifedipine,20
HYPOLAR RETARD-20 mr tab 20mg,bl8q.,CCB,Nifedipine,20
NIFEDIPRESS MR mr tab 10mg,bl8S.,CCB,Nifedipine,10
NIFOPRESS RETARD mr tab 20mg,bl8t.,CCB,Nifedipine,20
NIFEDIPINE 12hr mr caps 10mg,bl8u.,CCB,Nifedipine,10
NIFEDIPRESS MR mr tab 20mg,bl8U.,CCB,Nifedipine,20
NIFEDIPINE 12hr mr caps 20mg,bl8v.,CCB,Nifedipine,20
NIFEDIPINE 24hr mr caps 30mg,bl8V.,CCB,Nifedipine,30
NIFEDIPINE 12hr mr tabs 10mg,bl8w.,CCB,Nifedipine,10
NIFEDIPINE 24hr mr caps 60mg,bl8W.,CCB,Nifedipine,60
NIFEDIPINE 24 hr mr tabs 30mg,bl8x.,CCB,Nifedipine,30
CORACTEN XL mr cap 30mg,bl8X.,CCB,Nifedipine,30
NIFEDIPINE 24 hr mr tabs 60mg,bl8y.,CCB,Nifedipine,60
CORACTEN XL mr cap 60mg,bl8Y.,CCB,Nifedipine,60
NIFEDIPINE 12hr mr tabs 20mg,bl8z.,CCB,Nifedipine,20
Nivaten Retard M/R Tablets 20mg,bl8Z.,CCB,Nifedipine,20
ISRADIPINE tabs 2.5mg,bla1.,CCB,Isradipine,2.5
PRESCAL tabs 2.5mg,bla2.,CCB,Isradipine,2.5
AMLODIPINE oral susp 5mg/5ml,blb..,CCB,Amlodipine,5
AMLODIPINE tabs 5mg,blb1.,CCB,Amlodipine,5
AMLODIPINE tabs 10mg,blb2.,CCB,Amlodipine,10
ISTIN tabs 5mg,blb3.,CCB,Amlodipine,5
ISTIN tabs 10mg,blb4.,CCB,Amlodipine,10
AMLOSTIN tabs 5mg,blb5.,CCB,Amlodipine,5
AMLOSTIN tabs 10mg,blb6.,CCB,Amlodipine,10
FELODIPINE mr tab 5mg,blc1.,CCB,Felodipine,5
FELODIPINE mr tab 10mg,blc2.,CCB,Felodipine,10
PLENDIL SR TAB 5,blc3.,CCB,Felodipine,5
PLENDIL extended release tab 10mg,blc4.,CCB,Felodipine,10
FELODIPINE mr tab 2.5mg,blc5.,CCB,Felodipine,2.5
PLENDIL extended release tab 2.5mg,blc6.,CCB,Felodipine,2.5
FELOTENS mr tab 5mg,blca.,CCB,Felodipine,5
FELOTENS mr tab 10mg,blcb.,CCB,Felodipine,10
FELENDIL XL mr tab 5mg,blcd.,CCB,Felodipine,5
VASCALPHA PR tab 10mg,blcj.,CCB,Felodipine,10
CARDIOPLEN XL tabs 5mg,blck.,CCB,Felodipine,5
CARDIOPLEN XL tabs 10mg,blcl.,CCB,Felodipine,10
NEOFEL XL tabs 5mg,blcm.,CCB,Felodipine,5
Neofel XL 10mg tablets (Fannin UK Ltd),blcn.,CCB,Felodipine,10
NEOFEL XL tabs 2.5mg,blcs.,CCB,Felodipine,2.5
LACIDIPINE tabs 2mg,ble1.,CCB,Lacidipine,2
LACIDIPINE tabs 4mg,ble2.,CCB,Lacidipine,4
MOTENS 2MG TAB 2,ble3.,CCB,Lacidipine,2
MOTENS 4MG TAB 4,ble4.,CCB,Lacidipine,4
NISOLDIPINE mr tab 10mg,blg1.,CCB,Nisoldipine,10
NISOLDIPINE mr tab 20mg,blg2.,CCB,Nisoldipine,20
SYSCOR MR mr tab 20mg,blg5.,CCB,Nisoldipine,20
SYSCOR MR mr tab 30mg,blg6.,CCB,Nisoldipine,30
LERCANIDIPINE HCl tabs 10mg,blh1.,CCB,Lercanidipine,10
Zanidip  Tablets  10mg,blh2.,CCB,Lercanidipine,10
LERCANIDIPINE HCl tabs 20mg,blh3.,CCB,Lercanidipine,20
ZANIDIP tabs 20mg,blh4.,CCB,Lercanidipine,20
MIBEFRADIL TAB 50,bli1.,CCB,Mibefradil,50
MIBEFRADIL TAB 100,bli2.,CCB,Mibefradil,100
POSICOR tabs 100mg,bli4.,CCB,Mibefradil,100
ZEMTARD XL caps 120mg,blj1.,CCB,Diltiazem,120
ZEMTARD XL caps 180mg,blj2.,CCB,Diltiazem,180
ZEMTARD XL caps 240mg,blj3.,CCB,Diltiazem,240
DILTIAZEM 24hr mr caps 300mg,blja.,CCB,Diltiazem,300
SLOZEM caps 300mg,bljJ.,CCB,Diltiazem,300
ADIZEM XL caps 200mg,bljP.,CCB,Diltiazem,200
DILTIAZEM 24hr mr caps 180mg,bljY.,CCB,Diltiazem,180
SLOFEDIPINE XL mr tab 30mg,bll1.,CCB,Nifedipine,30
SLOFEDIPINE XL mr tab 60mg,bll2.,CCB,Nifedipine,60
ADIPINE XL tabs 30mg,bllc.,CCB,Nifedipine,30
ADIPINE XL tabs 60mg,blld.,CCB,Nifedipine,60
NIMODREL XL tabs 30mg,bllf.,CCB,Nifedipine,30
Valni XL 30mg tablets (Zentiva),bllg.,CCB,Nifedipine,30
Cardura Xl  M/R Tablets  4 mg,CAM/6442NEMIS,ALPHA,Doxazosin,4
Cardura Xl  M/R Tablets  8 mg,CAM/6443NEMIS,ALPHA,Doxazosin,8
Candesartan Cilexetil  Tablets  32 mg,CATA19406NEMIS,ARB,Candesartan,32
Candesartan Cilexetil  Tablets  16 mg,CATA31824EMIS,ARB,Candesartan,16
Candesartan Cilexetil  Tablets  2 mg,CATA31825EMIS,ARB,Candesartan,2
Candesartan Cilexetil  Tablets  4 mg,CATA31826EMIS,ARB,Candesartan,4
Candesartan Cilexetil  Tablets  8 mg,CATA31827EMIS,ARB,Candesartan,8
Captopril  Tablets  12.5 mg,CATA4675,ACEI,Captopril,12.5
Captopril  Tablets  25 mg,CATA483,ACEI,Captopril,25
Captopril  Tablets  50 mg,CATA484,ACEI,Captopril,50
Cardura  Tablets  1 mg,CATA8901EGTON,ALPHA,Doxazosin,1
Cardura  Tablets  2 mg,CATA8902EGTON,ALPHA,Doxazosin,2
Cardura  Tablets  4 mg,CATA8903EGTON,ALPHA,Doxazosin,4
Celiprolol Hydrochloride  Tablets  400 mg,CETA23877EMIS,BB,Celiprolol,400
Celiprolol Hydrochloride  Tablets  200 mg,CETA9534EMIS,BB,Celiprolol,200
Co-Amilofruse 5/40  Tablets,COTA9149BRIDL,DIUR_POT,Amiloride,5
Co-Amilofruse 5/40  Tablets,COTA9149BRIDL,DIUR_LOOP,Furosemide,40
Co-Amilofruse 10/80  Tablets  ,COTA9298EMIS,DIUR_POT,Amiloride,10
Co-Amilofruse 10/80  Tablets  ,COTA9298EMIS,DIUR_LOOP,Furosemide,80
Co-Amilofruse 2.5/20  Tablets  ,COTA9301EMIS,DIUR_POT,Amiloride,2.5
Co-Amilofruse 2.5/20  Tablets  ,COTA9301EMIS,DIUR_LOOP,Furosemide,20
Diltiazem Hydrochloride  M/R Capsules  120 mg,DIM/22263EMIS,CCB,Diltiazem,120
Diltiazem Hydrochloride  M/R Capsules  180 mg,DIM/22264EMIS,CCB,Diltiazem,180
Diltiazem Hydrochloride  M/R capsules  300 mg,DIM/22265EMIS,CCB,Diltiazem,300
Diltiazem Hydrochloride  M/R capsules  90 mg,DIM/22266EMIS,CCB,Diltiazem,90
Diltiazem Hydrochloride  M/R Capsules  60 mg,DIM/23454EMIS,CCB,Diltiazem,60
Diltiazem Hydrochloride  M/R Capsules  240 mg,DIM/27367EMIS,CCB,Diltiazem,240
Diltiazem Hydrochloride  M/R Capsules  200 mg,DIM/28229EMIS,CCB,Diltiazem,200
Diltiazem Hydrochloride  M/R Tablets  60 mg,DIM/30235EMIS,CCB,Diltiazem,60
Diltiazem Hydrochloride  M/R Capsules  360 mg,DIM/423NEMIS,CCB,Diltiazem,360
Diltiazem Hydrochloride  M/R Tablets  90 mg,DIS/9119EMIS,CCB,Diltiazem,90
Diltiazem Hydrochloride  M/R Tablets  120 mg,DISR10514BRIDL,CCB,Diltiazem,120
Diltiazem Hydrochloride  Tablets  60 mg,DITA913,CCB,Diltiazem,60
Emcor LS 5mg tablets (Merck Serono Ltd),EMTA10350BRIDL,BB,Bisoprolol,5
Emcor 10mg tablets (Merck Serono Ltd),EMTA10711BRIDL,BB,Bisoprolol,10
Bisoprolol 10mg tablets,EMTA8949BRIDL,BB,Bisoprolol,10
Enalapril Maleate  Tablets  10 mg,ENTA1060,ACEI,Enalapril,10
Enalapril Maleate  Tablets  20 mg,ENTA1062,ACEI,Enalapril,20
Enalapril Maleate  Tablets  5 mg,ENTA1063,ACEI,Enalapril,5
Eplerenone  Tablets  25 mg,EPTA19048NEMIS,DIUR_POT,Eplerenone,25
Eplerenone  Tablets  50 mg,EPTA19050NEMIS,DIUR_POT,Eplerenone,50
Eprosartan  Tablets  300 mg,EPTA3293NEMIS,ARB,Eprosartan,300
Eprosartan  Tablets  400 mg,EPTA3295NEMIS,ARB,Eprosartan,400
Eprosartan  Tablets  600 mg,EPTA3296NEMIS,ARB,Eprosartan,600
Felodipine  M/R Tablets  2.5 mg,FEM/29632EMIS,CCB,Felodipine,2.5
Felodipine  M/R tablets  10 mg,FES/9144EMIS,CCB,Felodipine,10
Felodipine  M/R Tablets  5 mg,FES/9145EMIS,CCB,Felodipine,5
Flomaxtra Xl  M/R tablets  400 micrograms,FLM/20543NEMIS,ALPHA,Tamsulosin,0.4
Flomax Mr  M/R Capsules  400 micrograms,FLM/28657EMIS,ALPHA,Tamsulosin,0.4
Fosinopril Sodium  Tablets  10 mg,FOTA9320EMIS,ACEI,Fosinopril,10
Fosinopril Sodium  Tablets  20 mg,FOTA9321EMIS,ACEI,Fosinopril,20
Furosemide  Tablets  20 mg,FUTA17675NEMIS,DIUR_LOOP,Furosemide,20
Furosemide  Tablets  40 mg,FUTA17676NEMIS,DIUR_LOOP,Furosemide,40
Furosemide  Tablets  500 mg,FUTA17677NEMIS,DIUR_LOOP,Furosemide,500
Furosemide And M/r Potassium  Tablets  40 mg + 8 mmol,FUTA18552NEMIS,DIUR_LOOP,Furosemide,40
Furosemide And M/r Potassium  Tablets  40 mg + 8 mmol,FUTA18552NEMIS,SUPP,Potassium,8
Furosemide And M/r Potassium  Tablets  20 mg + 10 mmol,FUTA18562NEMIS,DIUR_LOOP,Furosemide,20
Furosemide And M/r Potassium  Tablets  20 mg + 10 mmol,FUTA18562NEMIS,SUPP,Potassium,10
HYTRIN BPH starter pack,gc51.,ALPHA,Terazosin,
HYTRIN BPH tabs 2mg,gc52.,ALPHA,Terazosin,2
HYTRIN BPH tabs 5mg,gc53.,ALPHA,Terazosin,5
TERAZOSIN BPH starter pack 7 x 1mg + 14 x 2mg + 7 x 5mg,gc5z.,ALPHA,Terazosin,
ALFUZOSIN tabs 2.5mg,gc61.,ALPHA,Alfuzosin,2.5
XATRAL tabs 2.5mg,gc62.,ALPHA,Alfuzosin,2.5
ALFUZOSIN mr tab 5mg,gc63.,ALPHA,Alfuzosin,5
XATRAL SR TABS 5MG,gc64.,ALPHA,Alfuzosin,5
XATRAL XL tabs 10mg,gc65.,ALPHA,Alfuzosin,10
Besavar XL 10mg tablets (Actavis UK Ltd),gc67.,ALPHA,Alfuzosin,10
VASRAN XL mr tab 10mg,gc68.,ALPHA,Alfuzosin,10
ALFUZOSIN mr tab 10mg,gc6z.,ALPHA,Alfuzosin,10
TAMSULOSIN HCl mr cap 400micrograms,gc71.,ALPHA,Tamsulosin,0.4
FLOMAX MR mr cap 400micrograms,gc72.,ALPHA,Tamsulosin,0.4
TAMSULOSIN HCl mr tab 400micrograms,gc73.,ALPHA,Tamsulosin,0.4
FLOMAXTRA XL mr tab 400micrograms,gc74.,ALPHA,Tamsulosin,0.4
BAZETHAM MR caps 400micrograms,gc75.,ALPHA,Tamsulosin,0.4
TABPHYN MR caps 400micrograms,gc76.,ALPHA,Tamsulosin,0.4
Stronazon 400microgram MR capsules (Actavis UK Ltd),gc77.,ALPHA,Tamsulosin,0.4
OMNIC MR caps 400micrograms,gc78.,ALPHA,Tamsulosin,0.4
Contiflo XL 400microgram capsules (Ranbaxy (UK) Ltd),gc79.,ALPHA,Tamsulosin,0.4
FLOMAX RELIEF MR mr cap 400micrograms,gc7B.,ALPHA,Tamsulosin,0.4
PINEXEL PR caps 400micrograms,gc7C.,ALPHA,Tamsulosin,0.4
PAMSVAX XL caps 400micrograms,gc7E.,ALPHA,Tamsulosin,0.4
Tamsulosin 400microgram / Dutasteride 500microgram capsules,gc81.,ALPHA,Tamsulosin,0.4
Combodart 0.5mg/0.4mg capsules (GlaxoSmithKline UK Ltd),gc82.,ALPHA,Tamsulosin,0.4
Irbesartan And Hydrochlorothiazide  Tablets  150 mg + 12.5 mg,IRTA18540NEMIS,ARB,Irbesartan,150
Irbesartan And Hydrochlorothiazide  Tablets  150 mg + 12.5 mg,IRTA18540NEMIS,DIUR_THI,Hydrochlorothiazide,12.5
Irbesartan And Hydrochlorothiazide  Tablets  300 mg + 12.5 mg,IRTA18541NEMIS,ARB,Irbesartan,300
Irbesartan And Hydrochlorothiazide  Tablets  300 mg + 12.5 mg,IRTA18541NEMIS,DIUR_THI,Hydrochlorothiazide,12.5
Irbesartan And Hydrochlorothiazide  Tablets  300 mg + 25 mg,IRTA23521NEMIS,ARB,Irbesartan,300
Irbesartan And Hydrochlorothiazide  Tablets  300 mg + 25 mg,IRTA23521NEMIS,DIUR_THI,Hydrochlorothiazide,25
Irbesartan  Tablets  150 mg,IRTA31576EMIS,ARB,Irbesartan,150
Irbesartan  Tablets  300 mg,IRTA31577EMIS,ARB,Irbesartan,300
Irbesartan  Tablets  75 mg,IRTA31578EMIS,ARB,Irbesartan,75
Lacidipine 2mg tablets,LATA23421EMIS,CCB,Lacidipine,2
Lacidipine  Tablets  4 mg,LATA23422EMIS,CCB,Lacidipine,4
Lercanidipine Hydrochloride  Tablets  20 mg,LETA22327NEMIS,CCB,Lercanidipine,20
Lercanidipine Hydrochloride  Tablets  10 mg,LETA32002EMIS,CCB,Lercanidipine,10
Lisinopril And Hydrochlorothiazide  Tablets  10 mg + 12.5 mg,LITA18535NEMIS,ACEI,Lisinopril,10
Lisinopril And Hydrochlorothiazide  Tablets  10 mg + 12.5 mg,LITA18535NEMIS,DIUR_THI,Hydrochlorothiazide,12.5
Lisinopril And Hydrochlorothiazide  Tablets  20 mg + 12.5 mg,LITA18536NEMIS,ACEI,Lisinopril,20
Lisinopril And Hydrochlorothiazide  Tablets  20 mg + 12.5 mg,LITA18536NEMIS,DIUR_THI,Hydrochlorothiazide,12.5
Lisinopril  Tablets  10 mg,LITA8608EGTON,ACEI,Lisinopril,10
Lisinopril  Tablets  2.5 mg,LITA8609EGTON,ACEI,Lisinopril,2.5
Lisinopril  Tablets  20 mg,LITA8610EGTON,ACEI,Lisinopril,20
Lisinopril  Tablets  5 mg,LITA8611EGTON,ACEI,Lisinopril,5
Losartan Potassium  Oral Suspension Sugar Free  2.5 mg/ml,LOOR37464NEMIS,ARB,Losartan,2.5
Losartan Potassium  Tablets  100 mg,LOTA12633NEMIS,ARB,Losartan,100
Losartan And Hydrochlorothiazide  Tablets  50 mg + 12.5 mg,LOTA18550NEMIS,ARB,Losartan,50
Losartan And Hydrochlorothiazide  Tablets  50 mg + 12.5 mg,LOTA18550NEMIS,DIUR_THI,Hydrochlorothiazide,12.5
Losartan And Hydrochlorothiazide  Tablets  100 mg + 25 mg,LOTA21150NEMIS,ARB,Losartan,100
Losartan And Hydrochlorothiazide  Tablets  100 mg + 25 mg,LOTA21150NEMIS,DIUR_THI,Hydrochlorothiazide,25
Losartan Potassium  Tablets  25 mg,LOTA26214EMIS,ARB,Losartan,25
Losartan Potassium  Tablets  50 mg,LOTA26215EMIS,ARB,Losartan,50
Losartan And Hydrochlorothiazide  Tablets  100 mg + 12.5 mg,LOTA28962NEMIS,ARB,Losartan,100
Losartan And Hydrochlorothiazide  Tablets  100 mg + 12.5 mg,LOTA28962NEMIS,DIUR_THI,Hydrochlorothiazide,12.5
Losartan 12.5mg tablets,LOTA35193NEMIS,ARB,Losartan,12.5
Metoprolol Tartrate  Tablets  100 mg,META1806,BB,Metoprolol,100
Metoprolol Tartrate  Tablets  50 mg,META1807,BB,Metoprolol,50
Nebivolol  Tablets  2.5 mg,NETA42086NEMIS,BB,Nebivolol,2.5
Nebivolol Hydrochloride  Tablets  5 mg,NETA50003EMIS,BB,Nebivolol,5
Nicardipine Hydrochloride  Capsules  30 mg,NICA10469BRIDL,CCB,Nifedipine,30
Nifedipine 10mg capsules,NICA1986,CCB,Nifedipine,10
Nifedipine 5mg capsules,NICA1987,CCB,Nifedipine,5
Nicardipine Hydrochloride  Capsules  20 mg,NICA5200,CCB,Nifedipine,20
Nifedipine  M/R Tablets  20 mg,NIM/19537EMIS,CCB,Nifedipine,20
Nifensar Xl  M/R Tablets  20 mg,NIM/19539EMIS,CCB,Nifedipine,20
Nifedipine  M/R Capsules  10 mg,NIM/19777EMIS,CCB,Nifedipine,10
Nifedipine  M/R Tablets  30 mg,NIM/19826EMIS,CCB,Nifedipine,30
Nifedipine  M/R Tablets  60 mg,NIM/19827EMIS,CCB,Nifedipine,60
Nicardipine 30mg modified-release capsules,NIM/21926EMIS,CCB,Nicardipine,30
Nicardipine Hydrochloride  M/R capsules  45 mg,NIM/21927EMIS,CCB,Nifedipine,45
Nifedipine  M/R Tablets  10 mg,NIM/28058EMIS,CCB,Nifedipine,10
Nisoldipine  M/R Tablets  10 mg,NIM/29918EMIS,CCB,Nifedipine,10
Nisoldipine  M/R Tablets  20 mg,NIM/29919EMIS,CCB,Nisoldipine,20
Nifedipine  M/R Capsules  20 mg,NISR9016EMIS,CCB,Nifedipine,20
Nifedipine  Tablets  20 mg,NITA1988,CCB,Nifedipine,20
Nifedipine  Tablets  10 mg,NITA9043BRIDL,CCB,Nifedipine,10
Olmesartan  Oral Suspension  10 mg/5 ml,OLOR27110NEMIS,ARB,Olmesartan,10
Olmesartan Medoxomil  Tablets  10 mg,OLTA15758NEMIS,ARB,Olmesartan,10
Olmesartan Medoxomil  Tablets  20 mg,OLTA15760NEMIS,ARB,Olmesartan,20
Olmesartan Medoxomil  Tablets  40 mg,OLTA15761NEMIS,ARB,Olmesartan,40
Olmesartan medoxomil 20mg / Hydrochlorothiazide 12.5mg tablets,OLTA22330NEMIS,ARB,Olmesartan,20
Olmesartan medoxomil 20mg / Hydrochlorothiazide 12.5mg tablets,OLTA22330NEMIS,DIUR_THI,Hydrochlorothiazide,12.5
Olmesartan Medoxomil And Hydrochlorothiazide  Tablets  20 mg + 25 mg,OLTA22331NEMIS,ARB,Olmesartan,20
Olmesartan Medoxomil And Hydrochlorothiazide  Tablets  20 mg + 25 mg,OLTA22331NEMIS,DIUR_THI,Hydrochlorothiazide,25
Olmesartan Medoxomil And Amlodipine  Tablets  20 mg + 5 mg,OLTA35715NEMIS,ARB,Olmesartan,20
Olmesartan Medoxomil And Amlodipine  Tablets  20 mg + 5 mg,OLTA35715NEMIS,CCB,Amlodipine,5
Perindopril Erbumine  Tablets  8 mg,PETA14419NEMIS,ACEI,Perindopril,8
Perindopril And Indapamide  Tablets  4 mg + 1.25 mg,PETA18548NEMIS,ACEI,Perindopril,4
Perindopril And Indapamide  Tablets  4 mg + 1.25 mg,PETA18548NEMIS,DIUR_THI,Indapamide,1.25
Perindopril arginine 2.5mg tablets,PETA29336NEMIS,ACEI,Perindopril,2.5
Perindopril arginine 5mg tablets,PETA29338NEMIS,ACEI,Perindopril,5
Perindopril Arginine And Indapamide  Tablets  5 mg + 1.25 mg,PETA29345NEMIS,ACEI,Perindopril,5
Perindopril Arginine And Indapamide  Tablets  5 mg + 1.25 mg,PETA29345NEMIS,DIUR_THI,Indapamide,1.25
Perindopril Erbumine  Tablets  2 mg,PETA9809HILLI,ACEI,Perindopril,2
Perindopril Erbumine  Tablets  4 mg,PETA9810HILLI,ACEI,Perindopril,4
Propranolol Hydrochloride  M/R capsules  160 mg,PRM/20660EMIS,BB,Propranolol,160
Propranolol Hydrochloride  M/R Capsules  80 mg,PRTA10180BRIDL,BB,Propranolol,80
Propranolol Hydrochloride  Tablets  10 mg,PRTA2393,BB,Propranolol,10
Propranolol Hydrochloride  Tablets  160 mg,PRTA2394,BB,Propranolol,160
Propranolol Hydrochloride  Tablets  40 mg,PRTA2395,BB,Propranolol,40
Propranolol Hydrochloride  Tablets  80 mg,PRTA2396,BB,Propranolol,80
Ramipril 10mg capsules,RACA57NEMIS,ACEI,Ramipril,10
Ramipril  Capsules  1.25 mg,RACA8950EMIS,ACEI,Ramipril,1.25
Ramipril  Capsules  2.5 mg,RACA8951EMIS,ACEI,Ramipril,2.5
Ramipril  Capsules  5 mg,RACA8952EMIS,ACEI,Ramipril,5
Telmisartan  Tablets  40 mg,TETA1042NEMIS,ARB,Telmisartan,40
Telmisartan  Tablets  80 mg,TETA1044NEMIS,ARB,Telmisartan,80
Telmisartan And Hydrochlorothiazide  Tablets  40 mg + 12.5 mg,TETA18566NEMIS,ARB,Telmisartan,40
Telmisartan And Hydrochlorothiazide  Tablets  40 mg + 12.5 mg,TETA18566NEMIS,DIUR_THI,Hydrochlorothiazide,12.5
Telmisartan And Hydrochlorothiazide  Tablets  80 mg + 12.5 mg,TETA18567NEMIS,ARB,Telmisartan,80
Telmisartan And Hydrochlorothiazide  Tablets  80 mg + 12.5 mg,TETA18567NEMIS,DIUR_THI,Hydrochlorothiazide,12.5
Telmisartan And Hydrochlorothiazide  Tablets  80 mg + 25 mg,TETA30443NEMIS,ARB,Telmisartan,80
Telmisartan And Hydrochlorothiazide  Tablets  80 mg + 25 mg,TETA30443NEMIS,DIUR_THI,Hydrochlorothiazide,25
Telmisartan  Tablets  20 mg,TETA6416NEMIS,ARB,Telmisartan,20
Valsartan  Capsules  160 mg,VACA29705EMIS,ARB,Valsartan,160
Valsartan  Capsules  40 mg,VACA29706EMIS,ARB,Valsartan,40
Valsartan  Capsules  80 mg,VACA29707EMIS,ARB,Valsartan,80
Valsartan And Hydrochlorothiazide  Tablets  160 mg + 12.5 mg,VATA18545NEMIS,ARB,Valsartan,160
Valsartan And Hydrochlorothiazide  Tablets  160 mg + 12.5 mg,VATA18545NEMIS,DIUR_THI,Hydrochlorothiazide,12.5
Valsartan And Hydrochlorothiazide  Tablets  160 mg + 25 mg,VATA18546NEMIS,ARB,Valsartan,160
Valsartan And Hydrochlorothiazide  Tablets  160 mg + 25 mg,VATA18546NEMIS,DIUR_THI,Hydrochlorothiazide,25
Valsartan And Hydrochlorothiazide  Tablets  80 mg + 12.5 mg,VATA18921NEMIS,ARB,Valsartan,80
Valsartan And Hydrochlorothiazide  Tablets  80 mg + 12.5 mg,VATA18921NEMIS,DIUR_THI,Hydrochlorothiazide,12.5
Valsartan  Tablets  40 mg,VATA19082NEMIS,ARB,Valsartan,40
Valsartan  Tablets  320 mg,VATA28964NEMIS,ARB,Valsartan,320
Valsartan  Tablets  160 mg,VATA52642NEMIS,ARB,Valsartan,160